-- Roles
INSERT INTO roles (role_id, name) VALUES (1, 'Student');
INSERT INTO roles (role_id, name) VALUES (2, 'Lecturer');
INSERT INTO roles (role_id, name) VALUES (3, 'Staff');

-- Courses
INSERT INTO courses (course_id, abbreviation, name) VALUES ('IT-101', 'PRF', 'Programming Fundamentals');
INSERT INTO courses (course_id, abbreviation, name) VALUES ('IT-102', 'DSA', 'Data Structures and Algorithms');
INSERT INTO courses (course_id, abbreviation, name) VALUES ('IT-103', 'DBI', 'Database Systems');
INSERT INTO courses (course_id, abbreviation, name) VALUES ('IT-104', 'OS', 'Operating Systems');
INSERT INTO courses (course_id, abbreviation, name) VALUES ('IT-105', 'CN', 'Computer Networks');
INSERT INTO courses (course_id, abbreviation, name) VALUES ('IT-106', 'SE', 'Software Engineering');
INSERT INTO courses (course_id, abbreviation, name) VALUES ('IT-107', 'AI', 'Artificial Intelligence');
INSERT INTO courses (course_id, abbreviation, name) VALUES ('IT-108', 'ML', 'Machine Learning');
INSERT INTO courses (course_id, abbreviation, name) VALUES ('IT-109', 'CS', 'Cybersecurity');
INSERT INTO courses (course_id, abbreviation, name) VALUES ('IT-110', 'WD', 'Web Development');

-- Rooms
INSERT INTO rooms (room_id, headcount) VALUES ('100', 28);
INSERT INTO rooms (room_id, headcount) VALUES ('101', 46);
INSERT INTO rooms (room_id, headcount) VALUES ('102', 23);
INSERT INTO rooms (room_id, headcount) VALUES ('103', 34);
INSERT INTO rooms (room_id, headcount) VALUES ('104', 40);
INSERT INTO rooms (room_id, headcount) VALUES ('105', 26);
INSERT INTO rooms (room_id, headcount) VALUES ('106', 26);
INSERT INTO rooms (room_id, headcount) VALUES ('107', 25);
INSERT INTO rooms (room_id, headcount) VALUES ('108', 30);
INSERT INTO rooms (room_id, headcount) VALUES ('109', 26);

-- Test Types
INSERT INTO test_types (type_id, description, name) VALUES (1, 'Final exam', 'Final');
INSERT INTO test_types (type_id, description, name) VALUES (2, 'Midterm', 'Midterm');
INSERT INTO test_types (type_id, description, name) VALUES (3, 'Quiz', 'Quiz');

-- Persons
INSERT INTO persons (person_id, age, birth_date, email, first_name, gender, join_date, last_name, middle_name, phone, role_role_id) VALUES ('ITITIU21000', 21, '2004-02-08 00:00:00.000000', 'an0@student.edu.vn', 'Nguyen', 0, '2024-10-07 00:00:00.000000', 'An', 'Van', '0940208299', 2);
INSERT INTO persons (person_id, age, birth_date, email, first_name, gender, join_date, last_name, middle_name, phone, role_role_id) VALUES ('ITITIU21001', 21, '2004-10-18 00:00:00.000000', 'binh1@student.edu.vn', 'Tran', 1, '2025-03-07 00:00:00.000000', 'Binh', 'Thi', '0989002977', 1);
INSERT INTO persons (person_id, age, birth_date, email, first_name, gender, join_date, last_name, middle_name, phone, role_role_id) VALUES ('ITITIU21002', 21, '2004-03-11 00:00:00.000000', 'chau2@student.edu.vn', 'Le', 0, '2024-11-22 00:00:00.000000', 'Chau', 'Duc', '0914286051', 3);
INSERT INTO persons (person_id, age, birth_date, email, first_name, gender, join_date, last_name, middle_name, phone, role_role_id) VALUES ('ITITIU21003', 21, '2004-11-25 00:00:00.000000', 'dung3@student.edu.vn', 'Pham', 1, '2025-05-07 00:00:00.000000', 'Dung', 'Minh', '0934889824', 2);
INSERT INTO persons (person_id, age, birth_date, email, first_name, gender, join_date, last_name, middle_name, phone, role_role_id) VALUES ('ITITIU21004', 21, '2004-06-14 00:00:00.000000', 'giang4@student.edu.vn', 'Hoang', 0, '2024-07-14 00:00:00.000000', 'Giang', 'Ngoc', '0928381063', 3);
INSERT INTO persons (person_id, age, birth_date, email, first_name, gender, join_date, last_name, middle_name, phone, role_role_id) VALUES ('ITITIU21005', 21, '2004-12-08 00:00:00.000000', 'hang5@student.edu.vn', 'Dang', 1, '2024-12-04 00:00:00.000000', 'Hang', 'Thanh', '0922456176', 3);
INSERT INTO persons (person_id, age, birth_date, email, first_name, gender, join_date, last_name, middle_name, phone, role_role_id) VALUES ('ITITIU21006', 21, '2004-06-17 00:00:00.000000', 'khoa6@student.edu.vn', 'Bui', 1, '2024-06-21 00:00:00.000000', 'Khoa', 'Quoc', '0922631242', 3);
INSERT INTO persons (person_id, age, birth_date, email, first_name, gender, join_date, last_name, middle_name, phone, role_role_id) VALUES ('ITITIU21007', 21, '2004-09-20 00:00:00.000000', 'linh7@student.edu.vn', 'Do', 1, '2025-02-25 00:00:00.000000', 'Linh', 'Huu', '0976204041', 3);
INSERT INTO persons (person_id, age, birth_date, email, first_name, gender, join_date, last_name, middle_name, phone, role_role_id) VALUES ('ITITIU21008', 21, '2004-06-28 00:00:00.000000', 'nam8@student.edu.vn', 'Ngo', 1, '2024-05-01 00:00:00.000000', 'Nam', 'Hong', '0967500529', 3);
INSERT INTO persons (person_id, age, birth_date, email, first_name, gender, join_date, last_name, middle_name, phone, role_role_id) VALUES ('ITITIU21009', 21, '2004-02-05 00:00:00.000000', 'quyen9@student.edu.vn', 'Vo', 0, '2024-04-22 00:00:00.000000', 'Quyen', 'Khanh', '0916789008', 2);
INSERT INTO persons (person_id, age, birth_date, email, first_name, gender, join_date, last_name, middle_name, phone, role_role_id) VALUES ('ITITIU21010', 21, '2004-04-01 00:00:00.000000', 'an10@student.edu.vn', 'Nguyen', 0, '2024-10-05 00:00:00.000000', 'An', 'Van', '0966123713', 1);
INSERT INTO persons (person_id, age, birth_date, email, first_name, gender, join_date, last_name, middle_name, phone, role_role_id) VALUES ('ITITIU21011', 21, '2004-04-04 00:00:00.000000', 'binh11@student.edu.vn', 'Tran', 1, '2024-01-28 00:00:00.000000', 'Binh', 'Thi', '0994010820', 2);
INSERT INTO persons (person_id, age, birth_date, email, first_name, gender, join_date, last_name, middle_name, phone, role_role_id) VALUES ('ITITIU21012', 21, '2004-07-10 00:00:00.000000', 'chau12@student.edu.vn', 'Le', 1, '2024-03-01 00:00:00.000000', 'Chau', 'Duc', '0991894001', 1);
INSERT INTO persons (person_id, age, birth_date, email, first_name, gender, join_date, last_name, middle_name, phone, role_role_id) VALUES ('ITITIU21013', 21, '2004-06-11 00:00:00.000000', 'dung13@student.edu.vn', 'Pham', 1, '2024-01-31 00:00:00.000000', 'Dung', 'Minh', '0948166869', 1);
INSERT INTO persons (person_id, age, birth_date, email, first_name, gender, join_date, last_name, middle_name, phone, role_role_id) VALUES ('ITITIU21014', 21, '2004-01-08 00:00:00.000000', 'giang14@student.edu.vn', 'Hoang', 1, '2025-01-09 00:00:00.000000', 'Giang', 'Ngoc', '0926317123', 2);
INSERT INTO persons (person_id, age, birth_date, email, first_name, gender, join_date, last_name, middle_name, phone, role_role_id) VALUES ('ITITIU21015', 21, '2004-09-05 00:00:00.000000', 'hang15@student.edu.vn', 'Dang', 1, '2024-08-29 00:00:00.000000', 'Hang', 'Thanh', '0967606636', 2);
INSERT INTO persons (person_id, age, birth_date, email, first_name, gender, join_date, last_name, middle_name, phone, role_role_id) VALUES ('ITITIU21016', 21, '2004-04-20 00:00:00.000000', 'khoa16@student.edu.vn', 'Bui', 1, '2024-09-24 00:00:00.000000', 'Khoa', 'Quoc', '0958491665', 3);
INSERT INTO persons (person_id, age, birth_date, email, first_name, gender, join_date, last_name, middle_name, phone, role_role_id) VALUES ('ITITIU21017', 21, '2004-03-01 00:00:00.000000', 'linh17@student.edu.vn', 'Do', 1, '2025-01-20 00:00:00.000000', 'Linh', 'Huu', '0913202419', 2);
INSERT INTO persons (person_id, age, birth_date, email, first_name, gender, join_date, last_name, middle_name, phone, role_role_id) VALUES ('ITITIU21018', 21, '2004-08-07 00:00:00.000000', 'nam18@student.edu.vn', 'Ngo', 1, '2024-11-30 00:00:00.000000', 'Nam', 'Hong', '0974090614', 1);
INSERT INTO persons (person_id, age, birth_date, email, first_name, gender, join_date, last_name, middle_name, phone, role_role_id) VALUES ('ITITIU21019', 21, '2004-11-06 00:00:00.000000', 'quyen19@student.edu.vn', 'Vo', 0, '2025-05-01 00:00:00.000000', 'Quyen', 'Khanh', '0927292229', 3);

-- Course_Person
INSERT INTO course_person (person_id, course_id) VALUES ('ITITIU21000', 'IT-101');
INSERT INTO course_person (person_id, course_id) VALUES ('ITITIU21000', 'IT-108');
INSERT INTO course_person (person_id, course_id) VALUES ('ITITIU21000', 'IT-109');
INSERT INTO course_person (person_id, course_id) VALUES ('ITITIU21001', 'IT-106');
INSERT INTO course_person (person_id, course_id) VALUES ('ITITIU21001', 'IT-103');
INSERT INTO course_person (person_id, course_id) VALUES ('ITITIU21001', 'IT-107');
INSERT INTO course_person (person_id, course_id) VALUES ('ITITIU21002', 'IT-108');
INSERT INTO course_person (person_id, course_id) VALUES ('ITITIU21002', 'IT-107');
INSERT INTO course_person (person_id, course_id) VALUES ('ITITIU21002', 'IT-101');
INSERT INTO course_person (person_id, course_id) VALUES ('ITITIU21003', 'IT-101');
INSERT INTO course_person (person_id, course_id) VALUES ('ITITIU21003', 'IT-110');
INSERT INTO course_person (person_id, course_id) VALUES ('ITITIU21003', 'IT-108');
INSERT INTO course_person (person_id, course_id) VALUES ('ITITIU21004', 'IT-103');
INSERT INTO course_person (person_id, course_id) VALUES ('ITITIU21004', 'IT-104');
INSERT INTO course_person (person_id, course_id) VALUES ('ITITIU21004', 'IT-105');
INSERT INTO course_person (person_id, course_id) VALUES ('ITITIU21005', 'IT-101');
INSERT INTO course_person (person_id, course_id) VALUES ('ITITIU21005', 'IT-109');
INSERT INTO course_person (person_id, course_id) VALUES ('ITITIU21005', 'IT-106');
INSERT INTO course_person (person_id, course_id) VALUES ('ITITIU21006', 'IT-109');
INSERT INTO course_person (person_id, course_id) VALUES ('ITITIU21006', 'IT-104');
INSERT INTO course_person (person_id, course_id) VALUES ('ITITIU21006', 'IT-110');
INSERT INTO course_person (person_id, course_id) VALUES ('ITITIU21007', 'IT-104');
INSERT INTO course_person (person_id, course_id) VALUES ('ITITIU21007', 'IT-103');
INSERT INTO course_person (person_id, course_id) VALUES ('ITITIU21007', 'IT-108');
INSERT INTO course_person (person_id, course_id) VALUES ('ITITIU21008', 'IT-110');
INSERT INTO course_person (person_id, course_id) VALUES ('ITITIU21008', 'IT-108');
INSERT INTO course_person (person_id, course_id) VALUES ('ITITIU21008', 'IT-101');
INSERT INTO course_person (person_id, course_id) VALUES ('ITITIU21009', 'IT-102');
INSERT INTO course_person (person_id, course_id) VALUES ('ITITIU21009', 'IT-101');
INSERT INTO course_person (person_id, course_id) VALUES ('ITITIU21009', 'IT-106');
INSERT INTO course_person (person_id, course_id) VALUES ('ITITIU21010', 'IT-109');
INSERT INTO course_person (person_id, course_id) VALUES ('ITITIU21010', 'IT-105');
INSERT INTO course_person (person_id, course_id) VALUES ('ITITIU21010', 'IT-103');
INSERT INTO course_person (person_id, course_id) VALUES ('ITITIU21011', 'IT-106');
INSERT INTO course_person (person_id, course_id) VALUES ('ITITIU21011', 'IT-105');
INSERT INTO course_person (person_id, course_id) VALUES ('ITITIU21011', 'IT-104');
INSERT INTO course_person (person_id, course_id) VALUES ('ITITIU21012', 'IT-102');
INSERT INTO course_person (person_id, course_id) VALUES ('ITITIU21012', 'IT-101');
INSERT INTO course_person (person_id, course_id) VALUES ('ITITIU21012', 'IT-107');
INSERT INTO course_person (person_id, course_id) VALUES ('ITITIU21013', 'IT-101');
INSERT INTO course_person (person_id, course_id) VALUES ('ITITIU21013', 'IT-103');
INSERT INTO course_person (person_id, course_id) VALUES ('ITITIU21013', 'IT-110');
INSERT INTO course_person (person_id, course_id) VALUES ('ITITIU21014', 'IT-108');
INSERT INTO course_person (person_id, course_id) VALUES ('ITITIU21014', 'IT-103');
INSERT INTO course_person (person_id, course_id) VALUES ('ITITIU21014', 'IT-109');
INSERT INTO course_person (person_id, course_id) VALUES ('ITITIU21015', 'IT-102');
INSERT INTO course_person (person_id, course_id) VALUES ('ITITIU21015', 'IT-106');
INSERT INTO course_person (person_id, course_id) VALUES ('ITITIU21015', 'IT-108');
INSERT INTO course_person (person_id, course_id) VALUES ('ITITIU21016', 'IT-102');
INSERT INTO course_person (person_id, course_id) VALUES ('ITITIU21016', 'IT-109');
INSERT INTO course_person (person_id, course_id) VALUES ('ITITIU21016', 'IT-105');
INSERT INTO course_person (person_id, course_id) VALUES ('ITITIU21017', 'IT-108');
INSERT INTO course_person (person_id, course_id) VALUES ('ITITIU21017', 'IT-106');
INSERT INTO course_person (person_id, course_id) VALUES ('ITITIU21017', 'IT-107');
INSERT INTO course_person (person_id, course_id) VALUES ('ITITIU21018', 'IT-110');
INSERT INTO course_person (person_id, course_id) VALUES ('ITITIU21018', 'IT-103');
INSERT INTO course_person (person_id, course_id) VALUES ('ITITIU21018', 'IT-104');
INSERT INTO course_person (person_id, course_id) VALUES ('ITITIU21019', 'IT-102');
INSERT INTO course_person (person_id, course_id) VALUES ('ITITIU21019', 'IT-106');
INSERT INTO course_person (person_id, course_id) VALUES ('ITITIU21019', 'IT-105');

-- Course_Room
INSERT INTO course_room (room_id, course_id) VALUES ('105', 'IT-101');
INSERT INTO course_room (room_id, course_id) VALUES ('106', 'IT-101');
INSERT INTO course_room (room_id, course_id) VALUES ('108', 'IT-102');
INSERT INTO course_room (room_id, course_id) VALUES ('101', 'IT-102');
INSERT INTO course_room (room_id, course_id) VALUES ('102', 'IT-103');
INSERT INTO course_room (room_id, course_id) VALUES ('100', 'IT-103');
INSERT INTO course_room (room_id, course_id) VALUES ('107', 'IT-104');
INSERT INTO course_room (room_id, course_id) VALUES ('108', 'IT-104');
INSERT INTO course_room (room_id, course_id) VALUES ('102', 'IT-105');
INSERT INTO course_room (room_id, course_id) VALUES ('109', 'IT-105');
INSERT INTO course_room (room_id, course_id) VALUES ('108', 'IT-106');
INSERT INTO course_room (room_id, course_id) VALUES ('102', 'IT-106');
INSERT INTO course_room (room_id, course_id) VALUES ('106', 'IT-107');
INSERT INTO course_room (room_id, course_id) VALUES ('101', 'IT-107');
INSERT INTO course_room (room_id, course_id) VALUES ('100', 'IT-108');
INSERT INTO course_room (room_id, course_id) VALUES ('103', 'IT-108');
INSERT INTO course_room (room_id, course_id) VALUES ('105', 'IT-109');
INSERT INTO course_room (room_id, course_id) VALUES ('109', 'IT-109');
INSERT INTO course_room (room_id, course_id) VALUES ('109', 'IT-110');
INSERT INTO course_room (room_id, course_id) VALUES ('101', 'IT-110');

-- Person_Room_Attend
INSERT INTO person_room_attend (room_id, person_id) VALUES ('109', 'ITITIU21000');
INSERT INTO person_room_attend (room_id, person_id) VALUES ('101', 'ITITIU21000');
INSERT INTO person_room_attend (room_id, person_id) VALUES ('102', 'ITITIU21001');
INSERT INTO person_room_attend (room_id, person_id) VALUES ('103', 'ITITIU21001');
INSERT INTO person_room_attend (room_id, person_id) VALUES ('107', 'ITITIU21002');
INSERT INTO person_room_attend (room_id, person_id) VALUES ('101', 'ITITIU21002');
INSERT INTO person_room_attend (room_id, person_id) VALUES ('100', 'ITITIU21003');
INSERT INTO person_room_attend (room_id, person_id) VALUES ('103', 'ITITIU21003');
INSERT INTO person_room_attend (room_id, person_id) VALUES ('102', 'ITITIU21004');
INSERT INTO person_room_attend (room_id, person_id) VALUES ('106', 'ITITIU21004');
INSERT INTO person_room_attend (room_id, person_id) VALUES ('101', 'ITITIU21005');
INSERT INTO person_room_attend (room_id, person_id) VALUES ('108', 'ITITIU21005');
INSERT INTO person_room_attend (room_id, person_id) VALUES ('106', 'ITITIU21006');
INSERT INTO person_room_attend (room_id, person_id) VALUES ('109', 'ITITIU21006');
INSERT INTO person_room_attend (room_id, person_id) VALUES ('109', 'ITITIU21007');
INSERT INTO person_room_attend (room_id, person_id) VALUES ('103', 'ITITIU21007');
INSERT INTO person_room_attend (room_id, person_id) VALUES ('100', 'ITITIU21008');
INSERT INTO person_room_attend (room_id, person_id) VALUES ('103', 'ITITIU21008');
INSERT INTO person_room_attend (room_id, person_id) VALUES ('105', 'ITITIU21009');
INSERT INTO person_room_attend (room_id, person_id) VALUES ('106', 'ITITIU21009');
INSERT INTO person_room_attend (room_id, person_id) VALUES ('108', 'ITITIU21010');
INSERT INTO person_room_attend (room_id, person_id) VALUES ('106', 'ITITIU21010');
INSERT INTO person_room_attend (room_id, person_id) VALUES ('105', 'ITITIU21011');
INSERT INTO person_room_attend (room_id, person_id) VALUES ('107', 'ITITIU21011');
INSERT INTO person_room_attend (room_id, person_id) VALUES ('108', 'ITITIU21012');
INSERT INTO person_room_attend (room_id, person_id) VALUES ('100', 'ITITIU21012');
INSERT INTO person_room_attend (room_id, person_id) VALUES ('104', 'ITITIU21013');
INSERT INTO person_room_attend (room_id, person_id) VALUES ('103', 'ITITIU21013');
INSERT INTO person_room_attend (room_id, person_id) VALUES ('109', 'ITITIU21014');
INSERT INTO person_room_attend (room_id, person_id) VALUES ('101', 'ITITIU21014');
INSERT INTO person_room_attend (room_id, person_id) VALUES ('106', 'ITITIU21015');
INSERT INTO person_room_attend (room_id, person_id) VALUES ('100', 'ITITIU21015');
INSERT INTO person_room_attend (room_id, person_id) VALUES ('109', 'ITITIU21016');
INSERT INTO person_room_attend (room_id, person_id) VALUES ('103', 'ITITIU21016');
INSERT INTO person_room_attend (room_id, person_id) VALUES ('105', 'ITITIU21017');
INSERT INTO person_room_attend (room_id, person_id) VALUES ('108', 'ITITIU21017');
INSERT INTO person_room_attend (room_id, person_id) VALUES ('109', 'ITITIU21018');
INSERT INTO person_room_attend (room_id, person_id) VALUES ('101', 'ITITIU21018');
INSERT INTO person_room_attend (room_id, person_id) VALUES ('105', 'ITITIU21019');
INSERT INTO person_room_attend (room_id, person_id) VALUES ('108', 'ITITIU21019');

-- Exams
INSERT INTO exams (exam_id, bag_code, course_course_id, exam_type_type_id, date, time, difficulty) VALUES (1, 'BC9395', 'IT-104', 3, '2024-09-05', '08:00:00.000000', 4);
INSERT INTO exams (exam_id, bag_code, course_course_id, exam_type_type_id, date, time, difficulty) VALUES (2, 'BC3544', 'IT-108', 2, '2024-02-19', '11:00:00.000000', 4);
INSERT INTO exams (exam_id, bag_code, course_course_id, exam_type_type_id, date, time, difficulty) VALUES (3, 'BC5671', 'IT-107', 1, '2024-03-11', '08:00:00.000000', 5);
INSERT INTO exams (exam_id, bag_code, course_course_id, exam_type_type_id, date, time, difficulty) VALUES (4, 'BC8057', 'IT-101', 1, '2024-11-09', '12:00:00.000000', 3);
INSERT INTO exams (exam_id, bag_code, course_course_id, exam_type_type_id, date, time, difficulty) VALUES (5, 'BC1072', 'IT-109', 2, '2024-04-20', '11:00:00.000000', 3);
INSERT INTO exams (exam_id, bag_code, course_course_id, exam_type_type_id, date, time, difficulty) VALUES (6, 'BC5799', 'IT-102', 1, '2025-03-12', '12:00:00.000000', 4);
INSERT INTO exams (exam_id, bag_code, course_course_id, exam_type_type_id, date, time, difficulty) VALUES (7, 'BC8933', 'IT-110', 2, '2024-05-11', '13:00:00.000000', 1);
INSERT INTO exams (exam_id, bag_code, course_course_id, exam_type_type_id, date, time, difficulty) VALUES (8, 'BC4877', 'IT-108', 2, '2024-04-17', '12:00:00.000000', 1);
INSERT INTO exams (exam_id, bag_code, course_course_id, exam_type_type_id, date, time, difficulty) VALUES (9, 'BC9895', 'IT-104', 2, '2025-01-03', '13:00:00.000000', 4);
INSERT INTO exams (exam_id, bag_code, course_course_id, exam_type_type_id, date, time, difficulty) VALUES (10, 'BC2951', 'IT-103', 3, '2025-03-06', '09:00:00.000000', 4);
INSERT INTO exams (exam_id, bag_code, course_course_id, exam_type_type_id, date, time, difficulty) VALUES (11, 'BC7844', 'IT-101', 3, '2024-08-12', '12:00:00.000000', 4);
INSERT INTO exams (exam_id, bag_code, course_course_id, exam_type_type_id, date, time, difficulty) VALUES (12, 'BC6323', 'IT-107', 2, '2024-06-02', '08:00:00.000000', 4);
INSERT INTO exams (exam_id, bag_code, course_course_id, exam_type_type_id, date, time, difficulty) VALUES (13, 'BC7105', 'IT-105', 1, '2024-08-06', '08:00:00.000000', 5);
INSERT INTO exams (exam_id, bag_code, course_course_id, exam_type_type_id, date, time, difficulty) VALUES (14, 'BC3045', 'IT-101', 1, '2024-08-05', '12:00:00.000000', 5);
INSERT INTO exams (exam_id, bag_code, course_course_id, exam_type_type_id, date, time, difficulty) VALUES (15, 'BC4651', 'IT-108', 2, '2024-06-16', '12:00:00.000000', 2);

-- Exam_Room
INSERT INTO exam_room (room_id, exam_id) VALUES ('105', 1);
INSERT INTO exam_room (room_id, exam_id) VALUES ('102', 2);
INSERT INTO exam_room (room_id, exam_id) VALUES ('101', 3);
INSERT INTO exam_room (room_id, exam_id) VALUES ('103', 4);
INSERT INTO exam_room (room_id, exam_id) VALUES ('106', 5);
INSERT INTO exam_room (room_id, exam_id) VALUES ('103', 6);
INSERT INTO exam_room (room_id, exam_id) VALUES ('109', 7);
INSERT INTO exam_room (room_id, exam_id) VALUES ('104', 8);
INSERT INTO exam_room (room_id, exam_id) VALUES ('101', 9);
INSERT INTO exam_room (room_id, exam_id) VALUES ('104', 10);
INSERT INTO exam_room (room_id, exam_id) VALUES ('103', 11);
INSERT INTO exam_room (room_id, exam_id) VALUES ('103', 12);
INSERT INTO exam_room (room_id, exam_id) VALUES ('101', 13);
INSERT INTO exam_room (room_id, exam_id) VALUES ('101', 14);
INSERT INTO exam_room (room_id, exam_id) VALUES ('103', 15);

-- Person_Exam
INSERT INTO person_exam (person_id, exam_id) VALUES ('ITITIU21000', 14);
INSERT INTO person_exam (person_id, exam_id) VALUES ('ITITIU21000', 15);
INSERT INTO person_exam (person_id, exam_id) VALUES ('ITITIU21000', 3);
INSERT INTO person_exam (person_id, exam_id) VALUES ('ITITIU21001', 14);
INSERT INTO person_exam (person_id, exam_id) VALUES ('ITITIU21001', 6);
INSERT INTO person_exam (person_id, exam_id) VALUES ('ITITIU21001', 3);
INSERT INTO person_exam (person_id, exam_id) VALUES ('ITITIU21002', 11);
INSERT INTO person_exam (person_id, exam_id) VALUES ('ITITIU21002', 3);
INSERT INTO person_exam (person_id, exam_id) VALUES ('ITITIU21002', 10);
INSERT INTO person_exam (person_id, exam_id) VALUES ('ITITIU21003', 7);
INSERT INTO person_exam (person_id, exam_id) VALUES ('ITITIU21003', 6);
INSERT INTO person_exam (person_id, exam_id) VALUES ('ITITIU21003', 2);
INSERT INTO person_exam (person_id, exam_id) VALUES ('ITITIU21004', 7);
INSERT INTO person_exam (person_id, exam_id) VALUES ('ITITIU21004', 9);
INSERT INTO person_exam (person_id, exam_id) VALUES ('ITITIU21004', 4);
INSERT INTO person_exam (person_id, exam_id) VALUES ('ITITIU21005', 4);
INSERT INTO person_exam (person_id, exam_id) VALUES ('ITITIU21005', 14);
INSERT INTO person_exam (person_id, exam_id) VALUES ('ITITIU21005', 6);
INSERT INTO person_exam (person_id, exam_id) VALUES ('ITITIU21006', 3);
INSERT INTO person_exam (person_id, exam_id) VALUES ('ITITIU21006', 13);
INSERT INTO person_exam (person_id, exam_id) VALUES ('ITITIU21006', 6);
INSERT INTO person_exam (person_id, exam_id) VALUES ('ITITIU21007', 1);
INSERT INTO person_exam (person_id, exam_id) VALUES ('ITITIU21007', 9);
INSERT INTO person_exam (person_id, exam_id) VALUES ('ITITIU21007', 10);
INSERT INTO person_exam (person_id, exam_id) VALUES ('ITITIU21008', 4);
INSERT INTO person_exam (person_id, exam_id) VALUES ('ITITIU21008', 7);
INSERT INTO person_exam (person_id, exam_id) VALUES ('ITITIU21008', 6);
INSERT INTO person_exam (person_id, exam_id) VALUES ('ITITIU21009', 1);
INSERT INTO person_exam (person_id, exam_id) VALUES ('ITITIU21009', 14);
INSERT INTO person_exam (person_id, exam_id) VALUES ('ITITIU21009', 3);
INSERT INTO person_exam (person_id, exam_id) VALUES ('ITITIU21010', 6);
INSERT INTO person_exam (person_id, exam_id) VALUES ('ITITIU21010', 15);
INSERT INTO person_exam (person_id, exam_id) VALUES ('ITITIU21010', 7);
INSERT INTO person_exam (person_id, exam_id) VALUES ('ITITIU21011', 10);
INSERT INTO person_exam (person_id, exam_id) VALUES ('ITITIU21011', 12);
INSERT INTO person_exam (person_id, exam_id) VALUES ('ITITIU21011', 9);
INSERT INTO person_exam (person_id, exam_id) VALUES ('ITITIU21012', 14);
INSERT INTO person_exam (person_id, exam_id) VALUES ('ITITIU21012', 5);
INSERT INTO person_exam (person_id, exam_id) VALUES ('ITITIU21012', 2);
INSERT INTO person_exam (person_id, exam_id) VALUES ('ITITIU21013', 6);
INSERT INTO person_exam (person_id, exam_id) VALUES ('ITITIU21013', 8);
INSERT INTO person_exam (person_id, exam_id) VALUES ('ITITIU21013', 3);
INSERT INTO person_exam (person_id, exam_id) VALUES ('ITITIU21014', 10);
INSERT INTO person_exam (person_id, exam_id) VALUES ('ITITIU21014', 12);
INSERT INTO person_exam (person_id, exam_id) VALUES ('ITITIU21014', 15);
INSERT INTO person_exam (person_id, exam_id) VALUES ('ITITIU21015', 2);
INSERT INTO person_exam (person_id, exam_id) VALUES ('ITITIU21015', 10);
INSERT INTO person_exam (person_id, exam_id) VALUES ('ITITIU21015', 1);
INSERT INTO person_exam (person_id, exam_id) VALUES ('ITITIU21016', 7);
INSERT INTO person_exam (person_id, exam_id) VALUES ('ITITIU21016', 11);
INSERT INTO person_exam (person_id, exam_id) VALUES ('ITITIU21016', 10);
INSERT INTO person_exam (person_id, exam_id) VALUES ('ITITIU21017', 10);
INSERT INTO person_exam (person_id, exam_id) VALUES ('ITITIU21017', 2);
INSERT INTO person_exam (person_id, exam_id) VALUES ('ITITIU21017', 6);
INSERT INTO person_exam (person_id, exam_id) VALUES ('ITITIU21018', 14);
INSERT INTO person_exam (person_id, exam_id) VALUES ('ITITIU21018', 3);
INSERT INTO person_exam (person_id, exam_id) VALUES ('ITITIU21018', 9);
INSERT INTO person_exam (person_id, exam_id) VALUES ('ITITIU21019', 4);
INSERT INTO person_exam (person_id, exam_id) VALUES ('ITITIU21019', 11);
INSERT INTO person_exam (person_id, exam_id) VALUES ('ITITIU21019', 2);

-- Person_Exam_Report
INSERT INTO person_exam_report (grade, issue_date, course_id, person_id) VALUES (59, '2024-12-20 00:00:00.000000', 'IT-108', 'ITITIU21000');
INSERT INTO person_exam_report (grade, issue_date, course_id, person_id) VALUES (81, '2024-08-26 00:00:00.000000', 'IT-101', 'ITITIU21000');
INSERT INTO person_exam_report (grade, issue_date, course_id, person_id) VALUES (59, '2024-08-26 00:00:00.000000', 'IT-101', 'ITITIU21001');
INSERT INTO person_exam_report (grade, issue_date, course_id, person_id) VALUES (82, '2024-02-22 00:00:00.000000', 'IT-110', 'ITITIU21001');
INSERT INTO person_exam_report (grade, issue_date, course_id, person_id) VALUES (91, '2024-06-04 00:00:00.000000', 'IT-102', 'ITITIU21002');
INSERT INTO person_exam_report (grade, issue_date, course_id, person_id) VALUES (76, '2024-01-24 00:00:00.000000', 'IT-108', 'ITITIU21002');
INSERT INTO person_exam_report (grade, issue_date, course_id, person_id) VALUES (72, '2025-01-16 00:00:00.000000', 'IT-101', 'ITITIU21003');
INSERT INTO person_exam_report (grade, issue_date, course_id, person_id) VALUES (70, '2025-04-10 00:00:00.000000', 'IT-105', 'ITITIU21003');
INSERT INTO person_exam_report (grade, issue_date, course_id, person_id) VALUES (67, '2024-08-12 00:00:00.000000', 'IT-107', 'ITITIU21004');
INSERT INTO person_exam_report (grade, issue_date, course_id, person_id) VALUES (72, '2025-02-07 00:00:00.000000', 'IT-102', 'ITITIU21004');
INSERT INTO person_exam_report (grade, issue_date, course_id, person_id) VALUES (57, '2024-06-15 00:00:00.000000', 'IT-109', 'ITITIU21005');
INSERT INTO person_exam_report (grade, issue_date, course_id, person_id) VALUES (80, '2024-08-27 00:00:00.000000', 'IT-108', 'ITITIU21005');
INSERT INTO person_exam_report (grade, issue_date, course_id, person_id) VALUES (83, '2024-11-10 00:00:00.000000', 'IT-103', 'ITITIU21006');
INSERT INTO person_exam_report (grade, issue_date, course_id, person_id) VALUES (54, '2024-03-03 00:00:00.000000', 'IT-106', 'ITITIU21006');
INSERT INTO person_exam_report (grade, issue_date, course_id, person_id) VALUES (79, '2024-12-06 00:00:00.000000', 'IT-107', 'ITITIU21007');
INSERT INTO person_exam_report (grade, issue_date, course_id, person_id) VALUES (58, '2024-11-28 00:00:00.000000', 'IT-110', 'ITITIU21007');
INSERT INTO person_exam_report (grade, issue_date, course_id, person_id) VALUES (54, '2025-03-14 00:00:00.000000', 'IT-103', 'ITITIU21008');
INSERT INTO person_exam_report (grade, issue_date, course_id, person_id) VALUES (81, '2024-08-15 00:00:00.000000', 'IT-102', 'ITITIU21008');
INSERT INTO person_exam_report (grade, issue_date, course_id, person_id) VALUES (67, '2025-01-14 00:00:00.000000', 'IT-101', 'ITITIU21009');
INSERT INTO person_exam_report (grade, issue_date, course_id, person_id) VALUES (58, '2024-09-16 00:00:00.000000', 'IT-109', 'ITITIU21009');
INSERT INTO person_exam_report (grade, issue_date, course_id, person_id) VALUES (59, '2024-06-15 00:00:00.000000', 'IT-103', 'ITITIU21010');
INSERT INTO person_exam_report (grade, issue_date, course_id, person_id) VALUES (65, '2024-11-28 00:00:00.000000', 'IT-102', 'ITITIU21010');
INSERT INTO person_exam_report (grade, issue_date, course_id, person_id) VALUES (92, '2024-12-28 00:00:00.000000', 'IT-105', 'ITITIU21011');
INSERT INTO person_exam_report (grade, issue_date, course_id, person_id) VALUES (96, '2024-08-13 00:00:00.000000', 'IT-110', 'ITITIU21011');
INSERT INTO person_exam_report (grade, issue_date, course_id, person_id) VALUES (90, '2025-04-22 00:00:00.000000', 'IT-104', 'ITITIU21012');
INSERT INTO person_exam_report (grade, issue_date, course_id, person_id) VALUES (94, '2025-05-08 00:00:00.000000', 'IT-110', 'ITITIU21012');
INSERT INTO person_exam_report (grade, issue_date, course_id, person_id) VALUES (51, '2024-08-30 00:00:00.000000', 'IT-105', 'ITITIU21013');
INSERT INTO person_exam_report (grade, issue_date, course_id, person_id) VALUES (64, '2025-04-05 00:00:00.000000', 'IT-110', 'ITITIU21013');
INSERT INTO person_exam_report (grade, issue_date, course_id, person_id) VALUES (56, '2025-03-30 00:00:00.000000', 'IT-108', 'ITITIU21014');
INSERT INTO person_exam_report (grade, issue_date, course_id, person_id) VALUES (72, '2025-02-05 00:00:00.000000', 'IT-109', 'ITITIU21014');
INSERT INTO person_exam_report (grade, issue_date, course_id, person_id) VALUES (79, '2025-02-19 00:00:00.000000', 'IT-104', 'ITITIU21015');
INSERT INTO person_exam_report (grade, issue_date, course_id, person_id) VALUES (67, '2024-10-10 00:00:00.000000', 'IT-110', 'ITITIU21015');
INSERT INTO person_exam_report (grade, issue_date, course_id, person_id) VALUES (82, '2024-07-13 00:00:00.000000', 'IT-108', 'ITITIU21016');
INSERT INTO person_exam_report (grade, issue_date, course_id, person_id) VALUES (90, '2024-02-25 00:00:00.000000', 'IT-103', 'ITITIU21016');
INSERT INTO person_exam_report (grade, issue_date, course_id, person_id) VALUES (75, '2025-02-20 00:00:00.000000', 'IT-101', 'ITITIU21017');
INSERT INTO person_exam_report (grade, issue_date, course_id, person_id) VALUES (75, '2024-01-16 00:00:00.000000', 'IT-107', 'ITITIU21017');
INSERT INTO person_exam_report (grade, issue_date, course_id, person_id) VALUES (80, '2025-01-31 00:00:00.000000', 'IT-104', 'ITITIU21018');
INSERT INTO person_exam_report (grade, issue_date, course_id, person_id) VALUES (99, '2025-03-17 00:00:00.000000', 'IT-107', 'ITITIU21018');
INSERT INTO person_exam_report (grade, issue_date, course_id, person_id) VALUES (82, '2024-11-07 00:00:00.000000', 'IT-108', 'ITITIU21019');
INSERT INTO person_exam_report (grade, issue_date, course_id, person_id) VALUES (98, '2024-06-18 00:00:00.000000', 'IT-105', 'ITITIU21019');