-- Roles
INSERT INTO roles (role_id, name) VALUES (1, 'Role 1');
INSERT INTO roles (role_id, name) VALUES (2, 'Role 2');
INSERT INTO roles (role_id, name) VALUES (3, 'Role 3');

-- Courses
INSERT INTO courses (course_id, abbreviation, name) VALUES ('IT-101', 'PRF', 'Programming Fundamentals');
INSERT INTO courses (course_id, abbreviation, name) VALUES ('IT-102', 'DSA', 'Data Structures and Algorithms');
INSERT INTO courses (course_id, abbreviation, name) VALUES ('IT-103', 'DBI', 'Database Systems');
INSERT INTO courses (course_id, abbreviation, name) VALUES ('IT-104', 'OS', 'Operating Systems');
INSERT INTO courses (course_id, abbreviation, name) VALUES ('IT-105', 'CN', 'Computer Networks');
INSERT INTO courses (course_id, abbreviation, name) VALUES ('IT-106', 'SE', 'Software Engineering');
INSERT INTO courses (course_id, abbreviation, name) VALUES ('IT-107', 'AI', 'Artificial Intelligence');
INSERT INTO courses (course_id, abbreviation, name) VALUES ('IT-108', 'ML', 'Machine Learning');
INSERT INTO courses (course_id, abbreviation, name) VALUES ('IT-109', 'CS', 'Cybersecurity');
INSERT INTO courses (course_id, abbreviation, name) VALUES ('IT-110', 'WD', 'Web Development');

-- Rooms
INSERT INTO rooms (room_id, headcount) VALUES ('100', 24);
INSERT INTO rooms (room_id, headcount) VALUES ('101', 26);
INSERT INTO rooms (room_id, headcount) VALUES ('102', 42);
INSERT INTO rooms (room_id, headcount) VALUES ('103', 43);
INSERT INTO rooms (room_id, headcount) VALUES ('104', 36);
INSERT INTO rooms (room_id, headcount) VALUES ('105', 30);
INSERT INTO rooms (room_id, headcount) VALUES ('106', 47);
INSERT INTO rooms (room_id, headcount) VALUES ('107', 42);
INSERT INTO rooms (room_id, headcount) VALUES ('108', 26);
INSERT INTO rooms (room_id, headcount) VALUES ('109', 46);

-- Test Types
INSERT INTO test_types (type_id, description, name) VALUES (1, 'Final exam', 'Final');
INSERT INTO test_types (type_id, description, name) VALUES (2, 'Midterm', 'Midterm');
INSERT INTO test_types (type_id, description, name) VALUES (3, 'Quiz', 'Quiz');

-- Persons
INSERT INTO persons (person_id, age, birth_date, email, first_name, gender, join_date, last_name, middle_name, phone, role_role_id) VALUES ('ITITIU21000', 21, '2004-06-19 00:00:00.000000', 'an0@student.edu.vn', 'Nguyen', 1, '2025-05-14 00:00:00.000000', 'An', 'Van', '0962425783', 1);
INSERT INTO persons (person_id, age, birth_date, email, first_name, gender, join_date, last_name, middle_name, phone, role_role_id) VALUES ('ITITIU21001', 21, '2004-11-06 00:00:00.000000', 'binh1@student.edu.vn', 'Tran', 1, '2024-03-07 00:00:00.000000', 'Binh', 'Thi', '0920788179', 2);
INSERT INTO persons (person_id, age, birth_date, email, first_name, gender, join_date, last_name, middle_name, phone, role_role_id) VALUES ('ITITIU21002', 21, '2004-03-11 00:00:00.000000', 'chau2@student.edu.vn', 'Le', 1, '2024-02-01 00:00:00.000000', 'Chau', 'Duc', '0922370569', 3);
INSERT INTO persons (person_id, age, birth_date, email, first_name, gender, join_date, last_name, middle_name, phone, role_role_id) VALUES ('ITITIU21003', 21, '2004-08-24 00:00:00.000000', 'dung3@student.edu.vn', 'Pham', 0, '2024-06-05 00:00:00.000000', 'Dung', 'Minh', '0979101710', 1);
INSERT INTO persons (person_id, age, birth_date, email, first_name, gender, join_date, last_name, middle_name, phone, role_role_id) VALUES ('ITITIU21004', 21, '2004-03-07 00:00:00.000000', 'giang4@student.edu.vn', 'Hoang', 1, '2025-03-21 00:00:00.000000', 'Giang', 'Ngoc', '0934799472', 2);
INSERT INTO persons (person_id, age, birth_date, email, first_name, gender, join_date, last_name, middle_name, phone, role_role_id) VALUES ('ITITIU21005', 21, '2004-05-21 00:00:00.000000', 'hang5@student.edu.vn', 'Dang', 0, '2024-07-23 00:00:00.000000', 'Hang', 'Thanh', '0938599324', 1);
INSERT INTO persons (person_id, age, birth_date, email, first_name, gender, join_date, last_name, middle_name, phone, role_role_id) VALUES ('ITITIU21006', 21, '2004-06-15 00:00:00.000000', 'khoa6@student.edu.vn', 'Bui', 1, '2024-02-19 00:00:00.000000', 'Khoa', 'Quoc', '0965200578', 1);
INSERT INTO persons (person_id, age, birth_date, email, first_name, gender, join_date, last_name, middle_name, phone, role_role_id) VALUES ('ITITIU21007', 21, '2004-10-26 00:00:00.000000', 'linh7@student.edu.vn', 'Do', 1, '2024-08-11 00:00:00.000000', 'Linh', 'Huu', '0923380082', 3);
INSERT INTO persons (person_id, age, birth_date, email, first_name, gender, join_date, last_name, middle_name, phone, role_role_id) VALUES ('ITITIU21008', 21, '2004-03-18 00:00:00.000000', 'nam8@student.edu.vn', 'Ngo', 1, '2025-02-24 00:00:00.000000', 'Nam', 'Hong', '0936635736', 1);
INSERT INTO persons (person_id, age, birth_date, email, first_name, gender, join_date, last_name, middle_name, phone, role_role_id) VALUES ('ITITIU21009', 21, '2004-06-06 00:00:00.000000', 'quyen9@student.edu.vn', 'Vo', 0, '2024-07-15 00:00:00.000000', 'Quyen', 'Khanh', '0942459296', 2);
INSERT INTO persons (person_id, age, birth_date, email, first_name, gender, join_date, last_name, middle_name, phone, role_role_id) VALUES ('ITITIU21010', 21, '2004-01-21 00:00:00.000000', 'an10@student.edu.vn', 'Nguyen', 0, '2024-03-21 00:00:00.000000', 'An', 'Van', '0958301979', 1);
INSERT INTO persons (person_id, age, birth_date, email, first_name, gender, join_date, last_name, middle_name, phone, role_role_id) VALUES ('ITITIU21011', 21, '2004-09-15 00:00:00.000000', 'binh11@student.edu.vn', 'Tran', 0, '2025-05-06 00:00:00.000000', 'Binh', 'Thi', '0971778151', 2);
INSERT INTO persons (person_id, age, birth_date, email, first_name, gender, join_date, last_name, middle_name, phone, role_role_id) VALUES ('ITITIU21012', 21, '2004-06-03 00:00:00.000000', 'chau12@student.edu.vn', 'Le', 0, '2025-03-30 00:00:00.000000', 'Chau', 'Duc', '0975041951', 2);
INSERT INTO persons (person_id, age, birth_date, email, first_name, gender, join_date, last_name, middle_name, phone, role_role_id) VALUES ('ITITIU21013', 21, '2004-05-27 00:00:00.000000', 'dung13@student.edu.vn', 'Pham', 0, '2024-05-27 00:00:00.000000', 'Dung', 'Minh', '0922059320', 2);
INSERT INTO persons (person_id, age, birth_date, email, first_name, gender, join_date, last_name, middle_name, phone, role_role_id) VALUES ('ITITIU21014', 21, '2004-11-19 00:00:00.000000', 'giang14@student.edu.vn', 'Hoang', 0, '2024-02-24 00:00:00.000000', 'Giang', 'Ngoc', '0947458451', 2);
INSERT INTO persons (person_id, age, birth_date, email, first_name, gender, join_date, last_name, middle_name, phone, role_role_id) VALUES ('ITITIU21015', 21, '2004-01-16 00:00:00.000000', 'hang15@student.edu.vn', 'Dang', 0, '2024-02-20 00:00:00.000000', 'Hang', 'Thanh', '0935106131', 3);
INSERT INTO persons (person_id, age, birth_date, email, first_name, gender, join_date, last_name, middle_name, phone, role_role_id) VALUES ('ITITIU21016', 21, '2004-01-23 00:00:00.000000', 'khoa16@student.edu.vn', 'Bui', 0, '2024-12-15 00:00:00.000000', 'Khoa', 'Quoc', '0956034125', 3);
INSERT INTO persons (person_id, age, birth_date, email, first_name, gender, join_date, last_name, middle_name, phone, role_role_id) VALUES ('ITITIU21017', 21, '2004-03-05 00:00:00.000000', 'linh17@student.edu.vn', 'Do', 1, '2024-05-03 00:00:00.000000', 'Linh', 'Huu', '0967923066', 2);
INSERT INTO persons (person_id, age, birth_date, email, first_name, gender, join_date, last_name, middle_name, phone, role_role_id) VALUES ('ITITIU21018', 21, '2004-02-22 00:00:00.000000', 'nam18@student.edu.vn', 'Ngo', 0, '2024-07-04 00:00:00.000000', 'Nam', 'Hong', '0934871543', 3);
INSERT INTO persons (person_id, age, birth_date, email, first_name, gender, join_date, last_name, middle_name, phone, role_role_id) VALUES ('ITITIU21019', 21, '2004-11-25 00:00:00.000000', 'quyen19@student.edu.vn', 'Vo', 0, '2024-03-24 00:00:00.000000', 'Quyen', 'Khanh', '0960153126', 1);

-- Course_Person
INSERT INTO course_person (person_id, course_id) VALUES ('ITITIU21000', 'IT-104');
INSERT INTO course_person (person_id, course_id) VALUES ('ITITIU21000', 'IT-110');
INSERT INTO course_person (person_id, course_id) VALUES ('ITITIU21000', 'IT-106');
INSERT INTO course_person (person_id, course_id) VALUES ('ITITIU21001', 'IT-102');
INSERT INTO course_person (person_id, course_id) VALUES ('ITITIU21001', 'IT-110');
INSERT INTO course_person (person_id, course_id) VALUES ('ITITIU21001', 'IT-106');
INSERT INTO course_person (person_id, course_id) VALUES ('ITITIU21002', 'IT-103');
INSERT INTO course_person (person_id, course_id) VALUES ('ITITIU21002', 'IT-109');
INSERT INTO course_person (person_id, course_id) VALUES ('ITITIU21002', 'IT-102');
INSERT INTO course_person (person_id, course_id) VALUES ('ITITIU21003', 'IT-101');
INSERT INTO course_person (person_id, course_id) VALUES ('ITITIU21003', 'IT-110');
INSERT INTO course_person (person_id, course_id) VALUES ('ITITIU21003', 'IT-105');
INSERT INTO course_person (person_id, course_id) VALUES ('ITITIU21004', 'IT-109');
INSERT INTO course_person (person_id, course_id) VALUES ('ITITIU21004', 'IT-106');
INSERT INTO course_person (person_id, course_id) VALUES ('ITITIU21004', 'IT-104');
INSERT INTO course_person (person_id, course_id) VALUES ('ITITIU21005', 'IT-110');
INSERT INTO course_person (person_id, course_id) VALUES ('ITITIU21005', 'IT-108');
INSERT INTO course_person (person_id, course_id) VALUES ('ITITIU21005', 'IT-105');
INSERT INTO course_person (person_id, course_id) VALUES ('ITITIU21006', 'IT-105');
INSERT INTO course_person (person_id, course_id) VALUES ('ITITIU21006', 'IT-109');
INSERT INTO course_person (person_id, course_id) VALUES ('ITITIU21006', 'IT-104');
INSERT INTO course_person (person_id, course_id) VALUES ('ITITIU21007', 'IT-106');
INSERT INTO course_person (person_id, course_id) VALUES ('ITITIU21007', 'IT-101');
INSERT INTO course_person (person_id, course_id) VALUES ('ITITIU21007', 'IT-108');
INSERT INTO course_person (person_id, course_id) VALUES ('ITITIU21008', 'IT-103');
INSERT INTO course_person (person_id, course_id) VALUES ('ITITIU21008', 'IT-108');
INSERT INTO course_person (person_id, course_id) VALUES ('ITITIU21008', 'IT-106');
INSERT INTO course_person (person_id, course_id) VALUES ('ITITIU21009', 'IT-110');
INSERT INTO course_person (person_id, course_id) VALUES ('ITITIU21009', 'IT-105');
INSERT INTO course_person (person_id, course_id) VALUES ('ITITIU21009', 'IT-102');
INSERT INTO course_person (person_id, course_id) VALUES ('ITITIU21010', 'IT-106');
INSERT INTO course_person (person_id, course_id) VALUES ('ITITIU21010', 'IT-109');
INSERT INTO course_person (person_id, course_id) VALUES ('ITITIU21010', 'IT-101');
INSERT INTO course_person (person_id, course_id) VALUES ('ITITIU21011', 'IT-102');
INSERT INTO course_person (person_id, course_id) VALUES ('ITITIU21011', 'IT-110');
INSERT INTO course_person (person_id, course_id) VALUES ('ITITIU21011', 'IT-103');
INSERT INTO course_person (person_id, course_id) VALUES ('ITITIU21012', 'IT-110');
INSERT INTO course_person (person_id, course_id) VALUES ('ITITIU21012', 'IT-107');
INSERT INTO course_person (person_id, course_id) VALUES ('ITITIU21012', 'IT-109');
INSERT INTO course_person (person_id, course_id) VALUES ('ITITIU21013', 'IT-104');
INSERT INTO course_person (person_id, course_id) VALUES ('ITITIU21013', 'IT-105');
INSERT INTO course_person (person_id, course_id) VALUES ('ITITIU21013', 'IT-101');
INSERT INTO course_person (person_id, course_id) VALUES ('ITITIU21014', 'IT-105');
INSERT INTO course_person (person_id, course_id) VALUES ('ITITIU21014', 'IT-103');
INSERT INTO course_person (person_id, course_id) VALUES ('ITITIU21014', 'IT-102');
INSERT INTO course_person (person_id, course_id) VALUES ('ITITIU21015', 'IT-106');
INSERT INTO course_person (person_id, course_id) VALUES ('ITITIU21015', 'IT-101');
INSERT INTO course_person (person_id, course_id) VALUES ('ITITIU21015', 'IT-109');
INSERT INTO course_person (person_id, course_id) VALUES ('ITITIU21016', 'IT-109');
INSERT INTO course_person (person_id, course_id) VALUES ('ITITIU21016', 'IT-102');
INSERT INTO course_person (person_id, course_id) VALUES ('ITITIU21016', 'IT-105');
INSERT INTO course_person (person_id, course_id) VALUES ('ITITIU21017', 'IT-105');
INSERT INTO course_person (person_id, course_id) VALUES ('ITITIU21017', 'IT-106');
INSERT INTO course_person (person_id, course_id) VALUES ('ITITIU21017', 'IT-110');
INSERT INTO course_person (person_id, course_id) VALUES ('ITITIU21018', 'IT-101');
INSERT INTO course_person (person_id, course_id) VALUES ('ITITIU21018', 'IT-109');
INSERT INTO course_person (person_id, course_id) VALUES ('ITITIU21018', 'IT-105');
INSERT INTO course_person (person_id, course_id) VALUES ('ITITIU21019', 'IT-103');
INSERT INTO course_person (person_id, course_id) VALUES ('ITITIU21019', 'IT-110');
INSERT INTO course_person (person_id, course_id) VALUES ('ITITIU21019', 'IT-104');

-- Course_Room
INSERT INTO course_room (room_id, course_id) VALUES ('106', 'IT-101');
INSERT INTO course_room (room_id, course_id) VALUES ('102', 'IT-101');
INSERT INTO course_room (room_id, course_id) VALUES ('103', 'IT-102');
INSERT INTO course_room (room_id, course_id) VALUES ('105', 'IT-102');
INSERT INTO course_room (room_id, course_id) VALUES ('102', 'IT-103');
INSERT INTO course_room (room_id, course_id) VALUES ('103', 'IT-103');
INSERT INTO course_room (room_id, course_id) VALUES ('105', 'IT-104');
INSERT INTO course_room (room_id, course_id) VALUES ('109', 'IT-104');
INSERT INTO course_room (room_id, course_id) VALUES ('105', 'IT-105');
INSERT INTO course_room (room_id, course_id) VALUES ('103', 'IT-105');
INSERT INTO course_room (room_id, course_id) VALUES ('109', 'IT-106');
INSERT INTO course_room (room_id, course_id) VALUES ('108', 'IT-106');
INSERT INTO course_room (room_id, course_id) VALUES ('107', 'IT-107');
INSERT INTO course_room (room_id, course_id) VALUES ('104', 'IT-107');
INSERT INTO course_room (room_id, course_id) VALUES ('101', 'IT-108');
INSERT INTO course_room (room_id, course_id) VALUES ('105', 'IT-108');
INSERT INTO course_room (room_id, course_id) VALUES ('104', 'IT-109');
INSERT INTO course_room (room_id, course_id) VALUES ('102', 'IT-109');
INSERT INTO course_room (room_id, course_id) VALUES ('104', 'IT-110');
INSERT INTO course_room (room_id, course_id) VALUES ('108', 'IT-110');

-- Person_Room_Attend
INSERT INTO person_room_attend (room_id, person_id) VALUES ('109', 'ITITIU21000');
INSERT INTO person_room_attend (room_id, person_id) VALUES ('100', 'ITITIU21000');
INSERT INTO person_room_attend (room_id, person_id) VALUES ('106', 'ITITIU21001');
INSERT INTO person_room_attend (room_id, person_id) VALUES ('105', 'ITITIU21001');
INSERT INTO person_room_attend (room_id, person_id) VALUES ('103', 'ITITIU21002');
INSERT INTO person_room_attend (room_id, person_id) VALUES ('109', 'ITITIU21002');
INSERT INTO person_room_attend (room_id, person_id) VALUES ('105', 'ITITIU21003');
INSERT INTO person_room_attend (room_id, person_id) VALUES ('108', 'ITITIU21003');
INSERT INTO person_room_attend (room_id, person_id) VALUES ('104', 'ITITIU21004');
INSERT INTO person_room_attend (room_id, person_id) VALUES ('109', 'ITITIU21004');
INSERT INTO person_room_attend (room_id, person_id) VALUES ('106', 'ITITIU21005');
INSERT INTO person_room_attend (room_id, person_id) VALUES ('109', 'ITITIU21005');
INSERT INTO person_room_attend (room_id, person_id) VALUES ('100', 'ITITIU21006');
INSERT INTO person_room_attend (room_id, person_id) VALUES ('101', 'ITITIU21006');
INSERT INTO person_room_attend (room_id, person_id) VALUES ('104', 'ITITIU21007');
INSERT INTO person_room_attend (room_id, person_id) VALUES ('101', 'ITITIU21007');
INSERT INTO person_room_attend (room_id, person_id) VALUES ('104', 'ITITIU21008');
INSERT INTO person_room_attend (room_id, person_id) VALUES ('103', 'ITITIU21008');
INSERT INTO person_room_attend (room_id, person_id) VALUES ('107', 'ITITIU21009');
INSERT INTO person_room_attend (room_id, person_id) VALUES ('108', 'ITITIU21009');
INSERT INTO person_room_attend (room_id, person_id) VALUES ('104', 'ITITIU21010');
INSERT INTO person_room_attend (room_id, person_id) VALUES ('106', 'ITITIU21010');
INSERT INTO person_room_attend (room_id, person_id) VALUES ('100', 'ITITIU21011');
INSERT INTO person_room_attend (room_id, person_id) VALUES ('107', 'ITITIU21011');
INSERT INTO person_room_attend (room_id, person_id) VALUES ('109', 'ITITIU21012');
INSERT INTO person_room_attend (room_id, person_id) VALUES ('101', 'ITITIU21012');
INSERT INTO person_room_attend (room_id, person_id) VALUES ('105', 'ITITIU21013');
INSERT INTO person_room_attend (room_id, person_id) VALUES ('106', 'ITITIU21013');
INSERT INTO person_room_attend (room_id, person_id) VALUES ('102', 'ITITIU21014');
INSERT INTO person_room_attend (room_id, person_id) VALUES ('104', 'ITITIU21014');
INSERT INTO person_room_attend (room_id, person_id) VALUES ('103', 'ITITIU21015');
INSERT INTO person_room_attend (room_id, person_id) VALUES ('105', 'ITITIU21015');
INSERT INTO person_room_attend (room_id, person_id) VALUES ('100', 'ITITIU21016');
INSERT INTO person_room_attend (room_id, person_id) VALUES ('106', 'ITITIU21016');
INSERT INTO person_room_attend (room_id, person_id) VALUES ('108', 'ITITIU21017');
INSERT INTO person_room_attend (room_id, person_id) VALUES ('103', 'ITITIU21017');
INSERT INTO person_room_attend (room_id, person_id) VALUES ('106', 'ITITIU21018');
INSERT INTO person_room_attend (room_id, person_id) VALUES ('100', 'ITITIU21018');
INSERT INTO person_room_attend (room_id, person_id) VALUES ('105', 'ITITIU21019');
INSERT INTO person_room_attend (room_id, person_id) VALUES ('109', 'ITITIU21019');

-- Exams
INSERT INTO exams (exam_id, bag_code, status, course_course_id, exam_type_type_id, date, time, difficulty) VALUES (1, 'BC3598', 'Completed','IT-108', 2, '2024-04-23', '10:00:00.000000', 5);
INSERT INTO exams (exam_id, bag_code, status, course_course_id, exam_type_type_id, date, time, difficulty) VALUES (2, 'BC1191', 'Completed','IT-104', 2, '2024-10-17', '12:00:00.000000', 5);
INSERT INTO exams (exam_id, bag_code, status, course_course_id, exam_type_type_id, date, time, difficulty) VALUES (3, 'BC7030', 'Upcoming','IT-106', 3, '2024-01-01', '13:00:00.000000', 3);
INSERT INTO exams (exam_id, bag_code, status, course_course_id, exam_type_type_id, date, time, difficulty) VALUES (4, 'BC8008', 'Cancelled','IT-103', 3, '2025-02-02', '12:00:00.000000', 2);
INSERT INTO exams (exam_id, bag_code, status, course_course_id, exam_type_type_id, date, time, difficulty) VALUES (5, 'BC8574', 'Cancelled','IT-110', 1, '2025-01-12', '08:00:00.000000', 3);
INSERT INTO exams (exam_id, bag_code, status, course_course_id, exam_type_type_id, date, time, difficulty) VALUES (6, 'BC3146', 'Completed','IT-110', 2, '2024-02-20', '11:00:00.000000', 4);
INSERT INTO exams (exam_id, bag_code, status, course_course_id, exam_type_type_id, date, time, difficulty) VALUES (7, 'BC2966', 'Upcoming','IT-110', 1, '2024-04-24', '13:00:00.000000', 5);
INSERT INTO exams (exam_id, bag_code, status, course_course_id, exam_type_type_id, date, time, difficulty) VALUES (8, 'BC4094', 'Cancelled','IT-101', 1, '2024-02-17', '08:00:00.000000', 3);
INSERT INTO exams (exam_id, bag_code, status, course_course_id, exam_type_type_id, date, time, difficulty) VALUES (9, 'BC4609', 'Cancelled','IT-107', 3, '2024-04-24', '09:00:00.000000', 5);
INSERT INTO exams (exam_id, bag_code, status, course_course_id, exam_type_type_id, date, time, difficulty) VALUES (10, 'BC5456', 'Upcoming','IT-109', 3, '2025-01-19', '11:00:00.000000', 2);
INSERT INTO exams (exam_id, bag_code, status, course_course_id, exam_type_type_id, date, time, difficulty) VALUES (11, 'BC6127', 'Cancelled','IT-107', 1, '2025-01-22', '10:00:00.000000', 5);
INSERT INTO exams (exam_id, bag_code, status, course_course_id, exam_type_type_id, date, time, difficulty) VALUES (12, 'BC4640', 'Upcoming','IT-101', 1, '2024-07-03', '13:00:00.000000', 1);
INSERT INTO exams (exam_id, bag_code, status, course_course_id, exam_type_type_id, date, time, difficulty) VALUES (13, 'BC2371', 'Upcoming','IT-108', 3, '2024-10-24', '08:00:00.000000', 1);
INSERT INTO exams (exam_id, bag_code, status, course_course_id, exam_type_type_id, date, time, difficulty) VALUES (14, 'BC7717', 'Cancelled','IT-104', 1, '2024-05-17', '11:00:00.000000', 2);
INSERT INTO exams (exam_id, bag_code, status, course_course_id, exam_type_type_id, date, time, difficulty) VALUES (15, 'BC2492', 'Completed','IT-103', 3, '2025-04-05', '11:00:00.000000', 3);

-- Exam_Room
INSERT INTO exam_room (room_id, exam_id) VALUES ('104', 1);
INSERT INTO exam_room (room_id, exam_id) VALUES ('107', 2);
INSERT INTO exam_room (room_id, exam_id) VALUES ('104', 3);
INSERT INTO exam_room (room_id, exam_id) VALUES ('107', 4);
INSERT INTO exam_room (room_id, exam_id) VALUES ('102', 5);
INSERT INTO exam_room (room_id, exam_id) VALUES ('102', 6);
INSERT INTO exam_room (room_id, exam_id) VALUES ('100', 7);
INSERT INTO exam_room (room_id, exam_id) VALUES ('106', 8);
INSERT INTO exam_room (room_id, exam_id) VALUES ('105', 9);
INSERT INTO exam_room (room_id, exam_id) VALUES ('103', 10);
INSERT INTO exam_room (room_id, exam_id) VALUES ('100', 11);
INSERT INTO exam_room (room_id, exam_id) VALUES ('108', 12);
INSERT INTO exam_room (room_id, exam_id) VALUES ('108', 13);
INSERT INTO exam_room (room_id, exam_id) VALUES ('109', 14);
INSERT INTO exam_room (room_id, exam_id) VALUES ('104', 15);

-- Person_Exam
INSERT INTO person_exam (person_id, exam_id) VALUES ('ITITIU21000', 15);
INSERT INTO person_exam (person_id, exam_id) VALUES ('ITITIU21000', 3);
INSERT INTO person_exam (person_id, exam_id) VALUES ('ITITIU21000', 1);
INSERT INTO person_exam (person_id, exam_id) VALUES ('ITITIU21001', 6);
INSERT INTO person_exam (person_id, exam_id) VALUES ('ITITIU21001', 5);
INSERT INTO person_exam (person_id, exam_id) VALUES ('ITITIU21001', 12);
INSERT INTO person_exam (person_id, exam_id) VALUES ('ITITIU21002', 12);
INSERT INTO person_exam (person_id, exam_id) VALUES ('ITITIU21002', 4);
INSERT INTO person_exam (person_id, exam_id) VALUES ('ITITIU21002', 2);
INSERT INTO person_exam (person_id, exam_id) VALUES ('ITITIU21003', 11);
INSERT INTO person_exam (person_id, exam_id) VALUES ('ITITIU21003', 15);
INSERT INTO person_exam (person_id, exam_id) VALUES ('ITITIU21003', 14);
INSERT INTO person_exam (person_id, exam_id) VALUES ('ITITIU21004', 15);
INSERT INTO person_exam (person_id, exam_id) VALUES ('ITITIU21004', 3);
INSERT INTO person_exam (person_id, exam_id) VALUES ('ITITIU21004', 10);
INSERT INTO person_exam (person_id, exam_id) VALUES ('ITITIU21005', 7);
INSERT INTO person_exam (person_id, exam_id) VALUES ('ITITIU21005', 2);
INSERT INTO person_exam (person_id, exam_id) VALUES ('ITITIU21005', 11);
INSERT INTO person_exam (person_id, exam_id) VALUES ('ITITIU21006', 12);
INSERT INTO person_exam (person_id, exam_id) VALUES ('ITITIU21006', 3);
INSERT INTO person_exam (person_id, exam_id) VALUES ('ITITIU21006', 14);
INSERT INTO person_exam (person_id, exam_id) VALUES ('ITITIU21007', 11);
INSERT INTO person_exam (person_id, exam_id) VALUES ('ITITIU21007', 10);
INSERT INTO person_exam (person_id, exam_id) VALUES ('ITITIU21007', 14);
INSERT INTO person_exam (person_id, exam_id) VALUES ('ITITIU21008', 12);
INSERT INTO person_exam (person_id, exam_id) VALUES ('ITITIU21008', 15);
INSERT INTO person_exam (person_id, exam_id) VALUES ('ITITIU21008', 9);
INSERT INTO person_exam (person_id, exam_id) VALUES ('ITITIU21009', 2);
INSERT INTO person_exam (person_id, exam_id) VALUES ('ITITIU21009', 1);
INSERT INTO person_exam (person_id, exam_id) VALUES ('ITITIU21009', 5);
INSERT INTO person_exam (person_id, exam_id) VALUES ('ITITIU21010', 1);
INSERT INTO person_exam (person_id, exam_id) VALUES ('ITITIU21010', 5);
INSERT INTO person_exam (person_id, exam_id) VALUES ('ITITIU21010', 7);
INSERT INTO person_exam (person_id, exam_id) VALUES ('ITITIU21011', 6);
INSERT INTO person_exam (person_id, exam_id) VALUES ('ITITIU21011', 15);
INSERT INTO person_exam (person_id, exam_id) VALUES ('ITITIU21011', 10);
INSERT INTO person_exam (person_id, exam_id) VALUES ('ITITIU21012', 9);
INSERT INTO person_exam (person_id, exam_id) VALUES ('ITITIU21012', 3);
INSERT INTO person_exam (person_id, exam_id) VALUES ('ITITIU21012', 13);
INSERT INTO person_exam (person_id, exam_id) VALUES ('ITITIU21013', 10);
INSERT INTO person_exam (person_id, exam_id) VALUES ('ITITIU21013', 6);
INSERT INTO person_exam (person_id, exam_id) VALUES ('ITITIU21013', 13);
INSERT INTO person_exam (person_id, exam_id) VALUES ('ITITIU21014', 7);
INSERT INTO person_exam (person_id, exam_id) VALUES ('ITITIU21014', 5);
INSERT INTO person_exam (person_id, exam_id) VALUES ('ITITIU21014', 15);
INSERT INTO person_exam (person_id, exam_id) VALUES ('ITITIU21015', 8);
INSERT INTO person_exam (person_id, exam_id) VALUES ('ITITIU21015', 13);
INSERT INTO person_exam (person_id, exam_id) VALUES ('ITITIU21015', 3);
INSERT INTO person_exam (person_id, exam_id) VALUES ('ITITIU21016', 7);
INSERT INTO person_exam (person_id, exam_id) VALUES ('ITITIU21016', 2);
INSERT INTO person_exam (person_id, exam_id) VALUES ('ITITIU21016', 4);
INSERT INTO person_exam (person_id, exam_id) VALUES ('ITITIU21017', 5);
INSERT INTO person_exam (person_id, exam_id) VALUES ('ITITIU21017', 3);
INSERT INTO person_exam (person_id, exam_id) VALUES ('ITITIU21017', 15);
INSERT INTO person_exam (person_id, exam_id) VALUES ('ITITIU21018', 9);
INSERT INTO person_exam (person_id, exam_id) VALUES ('ITITIU21018', 12);
INSERT INTO person_exam (person_id, exam_id) VALUES ('ITITIU21018', 8);
INSERT INTO person_exam (person_id, exam_id) VALUES ('ITITIU21019', 13);
INSERT INTO person_exam (person_id, exam_id) VALUES ('ITITIU21019', 15);
INSERT INTO person_exam (person_id, exam_id) VALUES ('ITITIU21019', 8);

-- Person_Exam_Report
INSERT INTO person_exam_report (grade, issue_date, course_id, person_id) VALUES (72, '2024-01-21 00:00:00.000000', 'IT-106', 'ITITIU21000');
INSERT INTO person_exam_report (grade, issue_date, course_id, person_id) VALUES (56, '2024-01-29 00:00:00.000000', 'IT-107', 'ITITIU21000');
INSERT INTO person_exam_report (grade, issue_date, course_id, person_id) VALUES (88, '2025-02-18 00:00:00.000000', 'IT-104', 'ITITIU21001');
INSERT INTO person_exam_report (grade, issue_date, course_id, person_id) VALUES (67, '2024-04-24 00:00:00.000000', 'IT-105', 'ITITIU21001');
INSERT INTO person_exam_report (grade, issue_date, course_id, person_id) VALUES (88, '2024-05-14 00:00:00.000000', 'IT-104', 'ITITIU21002');
INSERT INTO person_exam_report (grade, issue_date, course_id, person_id) VALUES (90, '2024-01-24 00:00:00.000000', 'IT-101', 'ITITIU21002');
INSERT INTO person_exam_report (grade, issue_date, course_id, person_id) VALUES (85, '2024-08-03 00:00:00.000000', 'IT-102', 'ITITIU21003');
INSERT INTO person_exam_report (grade, issue_date, course_id, person_id) VALUES (73, '2025-01-01 00:00:00.000000', 'IT-105', 'ITITIU21003');
INSERT INTO person_exam_report (grade, issue_date, course_id, person_id) VALUES (53, '2024-02-06 00:00:00.000000', 'IT-106', 'ITITIU21004');
INSERT INTO person_exam_report (grade, issue_date, course_id, person_id) VALUES (53, '2024-10-03 00:00:00.000000', 'IT-101', 'ITITIU21004');
INSERT INTO person_exam_report (grade, issue_date, course_id, person_id) VALUES (81, '2024-04-17 00:00:00.000000', 'IT-105', 'ITITIU21005');
INSERT INTO person_exam_report (grade, issue_date, course_id, person_id) VALUES (82, '2024-01-30 00:00:00.000000', 'IT-108', 'ITITIU21005');
INSERT INTO person_exam_report (grade, issue_date, course_id, person_id) VALUES (54, '2024-11-11 00:00:00.000000', 'IT-104', 'ITITIU21006');
INSERT INTO person_exam_report (grade, issue_date, course_id, person_id) VALUES (94, '2025-02-11 00:00:00.000000', 'IT-107', 'ITITIU21006');
INSERT INTO person_exam_report (grade, issue_date, course_id, person_id) VALUES (68, '2025-01-02 00:00:00.000000', 'IT-106', 'ITITIU21007');
INSERT INTO person_exam_report (grade, issue_date, course_id, person_id) VALUES (54, '2024-09-23 00:00:00.000000', 'IT-101', 'ITITIU21007');
INSERT INTO person_exam_report (grade, issue_date, course_id, person_id) VALUES (74, '2025-01-14 00:00:00.000000', 'IT-101', 'ITITIU21008');
INSERT INTO person_exam_report (grade, issue_date, course_id, person_id) VALUES (85, '2024-11-15 00:00:00.000000', 'IT-109', 'ITITIU21008');
INSERT INTO person_exam_report (grade, issue_date, course_id, person_id) VALUES (89, '2024-07-30 00:00:00.000000', 'IT-107', 'ITITIU21009');
INSERT INTO person_exam_report (grade, issue_date, course_id, person_id) VALUES (60, '2024-04-27 00:00:00.000000', 'IT-102', 'ITITIU21009');
INSERT INTO person_exam_report (grade, issue_date, course_id, person_id) VALUES (66, '2024-10-07 00:00:00.000000', 'IT-104', 'ITITIU21010');
INSERT INTO person_exam_report (grade, issue_date, course_id, person_id) VALUES (98, '2024-07-06 00:00:00.000000', 'IT-105', 'ITITIU21010');
INSERT INTO person_exam_report (grade, issue_date, course_id, person_id) VALUES (77, '2024-08-11 00:00:00.000000', 'IT-109', 'ITITIU21011');
INSERT INTO person_exam_report (grade, issue_date, course_id, person_id) VALUES (92, '2025-03-05 00:00:00.000000', 'IT-110', 'ITITIU21011');
INSERT INTO person_exam_report (grade, issue_date, course_id, person_id) VALUES (97, '2024-06-23 00:00:00.000000', 'IT-109', 'ITITIU21012');
INSERT INTO person_exam_report (grade, issue_date, course_id, person_id) VALUES (97, '2024-04-06 00:00:00.000000', 'IT-108', 'ITITIU21012');
INSERT INTO person_exam_report (grade, issue_date, course_id, person_id) VALUES (100, '2024-01-02 00:00:00.000000', 'IT-103', 'ITITIU21013');
INSERT INTO person_exam_report (grade, issue_date, course_id, person_id) VALUES (75, '2025-01-09 00:00:00.000000', 'IT-110', 'ITITIU21013');
INSERT INTO person_exam_report (grade, issue_date, course_id, person_id) VALUES (59, '2024-12-04 00:00:00.000000', 'IT-108', 'ITITIU21014');
INSERT INTO person_exam_report (grade, issue_date, course_id, person_id) VALUES (99, '2024-01-07 00:00:00.000000', 'IT-103', 'ITITIU21014');
INSERT INTO person_exam_report (grade, issue_date, course_id, person_id) VALUES (78, '2025-02-18 00:00:00.000000', 'IT-107', 'ITITIU21015');
INSERT INTO person_exam_report (grade, issue_date, course_id, person_id) VALUES (82, '2024-02-14 00:00:00.000000', 'IT-105', 'ITITIU21015');
INSERT INTO person_exam_report (grade, issue_date, course_id, person_id) VALUES (99, '2024-08-10 00:00:00.000000', 'IT-110', 'ITITIU21016');
INSERT INTO person_exam_report (grade, issue_date, course_id, person_id) VALUES (93, '2025-03-15 00:00:00.000000', 'IT-105', 'ITITIU21016');
INSERT INTO person_exam_report (grade, issue_date, course_id, person_id) VALUES (96, '2024-09-18 00:00:00.000000', 'IT-108', 'ITITIU21017');
INSERT INTO person_exam_report (grade, issue_date, course_id, person_id) VALUES (57, '2024-04-22 00:00:00.000000', 'IT-109', 'ITITIU21017');
INSERT INTO person_exam_report (grade, issue_date, course_id, person_id) VALUES (59, '2024-11-25 00:00:00.000000', 'IT-105', 'ITITIU21018');
INSERT INTO person_exam_report (grade, issue_date, course_id, person_id) VALUES (57, '2024-07-27 00:00:00.000000', 'IT-109', 'ITITIU21018');
INSERT INTO person_exam_report (grade, issue_date, course_id, person_id) VALUES (51, '2024-10-04 00:00:00.000000', 'IT-102', 'ITITIU21019');
INSERT INTO person_exam_report (grade, issue_date, course_id, person_id) VALUES (94, '2025-02-08 00:00:00.000000', 'IT-103', 'ITITIU21019');