-- Roles
INSERT INTO roles (role_id, name) VALUES (1, 'Role 1');
INSERT INTO roles (role_id, name) VALUES (2, 'Role 2');
INSERT INTO roles (role_id, name) VALUES (3, 'Role 3');

-- Courses
INSERT INTO courses (course_id, abbreviation, name) VALUES ('IT-101', 'PRF', 'Programming Fundamentals');
INSERT INTO courses (course_id, abbreviation, name) VALUES ('IT-102', 'DSA', 'Data Structures and Algorithms');
INSERT INTO courses (course_id, abbreviation, name) VALUES ('IT-103', 'DBI', 'Database Systems');
INSERT INTO courses (course_id, abbreviation, name) VALUES ('IT-104', 'OS', 'Operating Systems');
INSERT INTO courses (course_id, abbreviation, name) VALUES ('IT-105', 'CN', 'Computer Networks');
INSERT INTO courses (course_id, abbreviation, name) VALUES ('IT-106', 'SE', 'Software Engineering');
INSERT INTO courses (course_id, abbreviation, name) VALUES ('IT-107', 'AI', 'Artificial Intelligence');
INSERT INTO courses (course_id, abbreviation, name) VALUES ('IT-108', 'ML', 'Machine Learning');
INSERT INTO courses (course_id, abbreviation, name) VALUES ('IT-109', 'CS', 'Cybersecurity');
INSERT INTO courses (course_id, abbreviation, name) VALUES ('IT-110', 'WD', 'Web Development');

-- Rooms
INSERT INTO rooms (room_id, headcount) VALUES ('100', 29);
INSERT INTO rooms (room_id, headcount) VALUES ('101', 34);
INSERT INTO rooms (room_id, headcount) VALUES ('102', 26);
INSERT INTO rooms (room_id, headcount) VALUES ('103', 49);
INSERT INTO rooms (room_id, headcount) VALUES ('104', 22);
INSERT INTO rooms (room_id, headcount) VALUES ('105', 38);
INSERT INTO rooms (room_id, headcount) VALUES ('106', 40);
INSERT INTO rooms (room_id, headcount) VALUES ('107', 41);
INSERT INTO rooms (room_id, headcount) VALUES ('108', 46);
INSERT INTO rooms (room_id, headcount) VALUES ('109', 38);

-- Test Types
INSERT INTO test_types (type_id, description, name) VALUES (1, 'Final exam', 'Final');
INSERT INTO test_types (type_id, description, name) VALUES (2, 'Midterm', 'Midterm');
INSERT INTO test_types (type_id, description, name) VALUES (3, 'Quiz', 'Quiz');

-- Persons
INSERT INTO persons (person_id, age, birth_date, email, first_name, gender, join_date, last_name, middle_name, phone, role_role_id) VALUES ('ITITIU21000', 21, '2004-03-18 00:00:00.000000', 'an0@student.edu.vn', 'Nguyen', 1, '2024-06-10 00:00:00.000000', 'An', 'Van', '0946249173', 2);
INSERT INTO persons (person_id, age, birth_date, email, first_name, gender, join_date, last_name, middle_name, phone, role_role_id) VALUES ('ITITIU21001', 21, '2004-03-25 00:00:00.000000', 'binh1@student.edu.vn', 'Tran', 1, '2025-04-30 00:00:00.000000', 'Binh', 'Thi', '0925192076', 3);
INSERT INTO persons (person_id, age, birth_date, email, first_name, gender, join_date, last_name, middle_name, phone, role_role_id) VALUES ('ITITIU21002', 21, '2004-06-21 00:00:00.000000', 'chau2@student.edu.vn', 'Le', 1, '2025-03-13 00:00:00.000000', 'Chau', 'Duc', '0945419605', 3);
INSERT INTO persons (person_id, age, birth_date, email, first_name, gender, join_date, last_name, middle_name, phone, role_role_id) VALUES ('ITITIU21003', 21, '2004-12-20 00:00:00.000000', 'dung3@student.edu.vn', 'Pham', 1, '2024-08-26 00:00:00.000000', 'Dung', 'Minh', '0956119817', 3);
INSERT INTO persons (person_id, age, birth_date, email, first_name, gender, join_date, last_name, middle_name, phone, role_role_id) VALUES ('ITITIU21004', 21, '2004-05-10 00:00:00.000000', 'giang4@student.edu.vn', 'Hoang', 0, '2025-04-24 00:00:00.000000', 'Giang', 'Ngoc', '0929608741', 1);
INSERT INTO persons (person_id, age, birth_date, email, first_name, gender, join_date, last_name, middle_name, phone, role_role_id) VALUES ('ITITIU21005', 21, '2004-02-23 00:00:00.000000', 'hang5@student.edu.vn', 'Dang', 0, '2024-06-08 00:00:00.000000', 'Hang', 'Thanh', '0935601615', 1);
INSERT INTO persons (person_id, age, birth_date, email, first_name, gender, join_date, last_name, middle_name, phone, role_role_id) VALUES ('ITITIU21006', 21, '2004-07-20 00:00:00.000000', 'khoa6@student.edu.vn', 'Bui', 0, '2024-04-27 00:00:00.000000', 'Khoa', 'Quoc', '0965556184', 1);
INSERT INTO persons (person_id, age, birth_date, email, first_name, gender, join_date, last_name, middle_name, phone, role_role_id) VALUES ('ITITIU21007', 21, '2004-04-19 00:00:00.000000', 'linh7@student.edu.vn', 'Do', 1, '2024-07-31 00:00:00.000000', 'Linh', 'Huu', '0934341601', 2);
INSERT INTO persons (person_id, age, birth_date, email, first_name, gender, join_date, last_name, middle_name, phone, role_role_id) VALUES ('ITITIU21008', 21, '2004-06-24 00:00:00.000000', 'nam8@student.edu.vn', 'Ngo', 1, '2025-05-08 00:00:00.000000', 'Nam', 'Hong', '0929536947', 2);
INSERT INTO persons (person_id, age, birth_date, email, first_name, gender, join_date, last_name, middle_name, phone, role_role_id) VALUES ('ITITIU21009', 21, '2004-07-18 00:00:00.000000', 'quyen9@student.edu.vn', 'Vo', 1, '2025-01-16 00:00:00.000000', 'Quyen', 'Khanh', '0917301763', 3);
INSERT INTO persons (person_id, age, birth_date, email, first_name, gender, join_date, last_name, middle_name, phone, role_role_id) VALUES ('ITITIU21010', 21, '2004-05-10 00:00:00.000000', 'an10@student.edu.vn', 'Nguyen', 0, '2025-02-08 00:00:00.000000', 'An', 'Van', '0959567701', 2);
INSERT INTO persons (person_id, age, birth_date, email, first_name, gender, join_date, last_name, middle_name, phone, role_role_id) VALUES ('ITITIU21011', 21, '2004-12-10 00:00:00.000000', 'binh11@student.edu.vn', 'Tran', 1, '2024-11-27 00:00:00.000000', 'Binh', 'Thi', '0995990802', 1);
INSERT INTO persons (person_id, age, birth_date, email, first_name, gender, join_date, last_name, middle_name, phone, role_role_id) VALUES ('ITITIU21012', 21, '2004-07-03 00:00:00.000000', 'chau12@student.edu.vn', 'Le', 1, '2024-05-19 00:00:00.000000', 'Chau', 'Duc', '0947484834', 1);
INSERT INTO persons (person_id, age, birth_date, email, first_name, gender, join_date, last_name, middle_name, phone, role_role_id) VALUES ('ITITIU21013', 21, '2004-11-16 00:00:00.000000', 'dung13@student.edu.vn', 'Pham', 0, '2024-04-06 00:00:00.000000', 'Dung', 'Minh', '0914762605', 3);
INSERT INTO persons (person_id, age, birth_date, email, first_name, gender, join_date, last_name, middle_name, phone, role_role_id) VALUES ('ITITIU21014', 21, '2004-10-09 00:00:00.000000', 'giang14@student.edu.vn', 'Hoang', 1, '2025-03-10 00:00:00.000000', 'Giang', 'Ngoc', '0963388494', 3);
INSERT INTO persons (person_id, age, birth_date, email, first_name, gender, join_date, last_name, middle_name, phone, role_role_id) VALUES ('ITITIU21015', 21, '2004-02-18 00:00:00.000000', 'hang15@student.edu.vn', 'Dang', 1, '2025-03-05 00:00:00.000000', 'Hang', 'Thanh', '0954465124', 1);
INSERT INTO persons (person_id, age, birth_date, email, first_name, gender, join_date, last_name, middle_name, phone, role_role_id) VALUES ('ITITIU21016', 21, '2004-11-27 00:00:00.000000', 'khoa16@student.edu.vn', 'Bui', 1, '2024-09-20 00:00:00.000000', 'Khoa', 'Quoc', '0963415233', 2);
INSERT INTO persons (person_id, age, birth_date, email, first_name, gender, join_date, last_name, middle_name, phone, role_role_id) VALUES ('ITITIU21017', 21, '2004-03-02 00:00:00.000000', 'linh17@student.edu.vn', 'Do', 1, '2024-05-03 00:00:00.000000', 'Linh', 'Huu', '0928123881', 1);
INSERT INTO persons (person_id, age, birth_date, email, first_name, gender, join_date, last_name, middle_name, phone, role_role_id) VALUES ('ITITIU21018', 21, '2004-10-15 00:00:00.000000', 'nam18@student.edu.vn', 'Ngo', 0, '2025-02-20 00:00:00.000000', 'Nam', 'Hong', '0922880629', 1);
INSERT INTO persons (person_id, age, birth_date, email, first_name, gender, join_date, last_name, middle_name, phone, role_role_id) VALUES ('ITITIU21019', 21, '2004-01-01 00:00:00.000000', 'quyen19@student.edu.vn', 'Vo', 1, '2024-05-27 00:00:00.000000', 'Quyen', 'Khanh', '0945383848', 3);

-- Course_Person
INSERT INTO course_person (person_id, course_id) VALUES ('ITITIU21000', 'IT-102');
INSERT INTO course_person (person_id, course_id) VALUES ('ITITIU21000', 'IT-105');
INSERT INTO course_person (person_id, course_id) VALUES ('ITITIU21000', 'IT-109');
INSERT INTO course_person (person_id, course_id) VALUES ('ITITIU21001', 'IT-102');
INSERT INTO course_person (person_id, course_id) VALUES ('ITITIU21001', 'IT-110');
INSERT INTO course_person (person_id, course_id) VALUES ('ITITIU21001', 'IT-106');
INSERT INTO course_person (person_id, course_id) VALUES ('ITITIU21002', 'IT-107');
INSERT INTO course_person (person_id, course_id) VALUES ('ITITIU21002', 'IT-104');
INSERT INTO course_person (person_id, course_id) VALUES ('ITITIU21002', 'IT-103');
INSERT INTO course_person (person_id, course_id) VALUES ('ITITIU21003', 'IT-106');
INSERT INTO course_person (person_id, course_id) VALUES ('ITITIU21003', 'IT-105');
INSERT INTO course_person (person_id, course_id) VALUES ('ITITIU21003', 'IT-103');
INSERT INTO course_person (person_id, course_id) VALUES ('ITITIU21004', 'IT-105');
INSERT INTO course_person (person_id, course_id) VALUES ('ITITIU21004', 'IT-106');
INSERT INTO course_person (person_id, course_id) VALUES ('ITITIU21004', 'IT-107');
INSERT INTO course_person (person_id, course_id) VALUES ('ITITIU21005', 'IT-104');
INSERT INTO course_person (person_id, course_id) VALUES ('ITITIU21005', 'IT-109');
INSERT INTO course_person (person_id, course_id) VALUES ('ITITIU21005', 'IT-108');
INSERT INTO course_person (person_id, course_id) VALUES ('ITITIU21006', 'IT-103');
INSERT INTO course_person (person_id, course_id) VALUES ('ITITIU21006', 'IT-110');
INSERT INTO course_person (person_id, course_id) VALUES ('ITITIU21006', 'IT-102');
INSERT INTO course_person (person_id, course_id) VALUES ('ITITIU21007', 'IT-110');
INSERT INTO course_person (person_id, course_id) VALUES ('ITITIU21007', 'IT-102');
INSERT INTO course_person (person_id, course_id) VALUES ('ITITIU21007', 'IT-104');
INSERT INTO course_person (person_id, course_id) VALUES ('ITITIU21008', 'IT-108');
INSERT INTO course_person (person_id, course_id) VALUES ('ITITIU21008', 'IT-106');
INSERT INTO course_person (person_id, course_id) VALUES ('ITITIU21008', 'IT-105');
INSERT INTO course_person (person_id, course_id) VALUES ('ITITIU21009', 'IT-103');
INSERT INTO course_person (person_id, course_id) VALUES ('ITITIU21009', 'IT-102');
INSERT INTO course_person (person_id, course_id) VALUES ('ITITIU21009', 'IT-110');
INSERT INTO course_person (person_id, course_id) VALUES ('ITITIU21010', 'IT-108');
INSERT INTO course_person (person_id, course_id) VALUES ('ITITIU21010', 'IT-101');
INSERT INTO course_person (person_id, course_id) VALUES ('ITITIU21010', 'IT-102');
INSERT INTO course_person (person_id, course_id) VALUES ('ITITIU21011', 'IT-109');
INSERT INTO course_person (person_id, course_id) VALUES ('ITITIU21011', 'IT-110');
INSERT INTO course_person (person_id, course_id) VALUES ('ITITIU21011', 'IT-101');
INSERT INTO course_person (person_id, course_id) VALUES ('ITITIU21012', 'IT-107');
INSERT INTO course_person (person_id, course_id) VALUES ('ITITIU21012', 'IT-106');
INSERT INTO course_person (person_id, course_id) VALUES ('ITITIU21012', 'IT-109');
INSERT INTO course_person (person_id, course_id) VALUES ('ITITIU21013', 'IT-102');
INSERT INTO course_person (person_id, course_id) VALUES ('ITITIU21013', 'IT-109');
INSERT INTO course_person (person_id, course_id) VALUES ('ITITIU21013', 'IT-103');
INSERT INTO course_person (person_id, course_id) VALUES ('ITITIU21014', 'IT-107');
INSERT INTO course_person (person_id, course_id) VALUES ('ITITIU21014', 'IT-104');
INSERT INTO course_person (person_id, course_id) VALUES ('ITITIU21014', 'IT-109');
INSERT INTO course_person (person_id, course_id) VALUES ('ITITIU21015', 'IT-108');
INSERT INTO course_person (person_id, course_id) VALUES ('ITITIU21015', 'IT-102');
INSERT INTO course_person (person_id, course_id) VALUES ('ITITIU21015', 'IT-105');
INSERT INTO course_person (person_id, course_id) VALUES ('ITITIU21016', 'IT-110');
INSERT INTO course_person (person_id, course_id) VALUES ('ITITIU21016', 'IT-103');
INSERT INTO course_person (person_id, course_id) VALUES ('ITITIU21016', 'IT-104');
INSERT INTO course_person (person_id, course_id) VALUES ('ITITIU21017', 'IT-105');
INSERT INTO course_person (person_id, course_id) VALUES ('ITITIU21017', 'IT-109');
INSERT INTO course_person (person_id, course_id) VALUES ('ITITIU21017', 'IT-110');
INSERT INTO course_person (person_id, course_id) VALUES ('ITITIU21018', 'IT-106');
INSERT INTO course_person (person_id, course_id) VALUES ('ITITIU21018', 'IT-109');
INSERT INTO course_person (person_id, course_id) VALUES ('ITITIU21018', 'IT-110');
INSERT INTO course_person (person_id, course_id) VALUES ('ITITIU21019', 'IT-104');
INSERT INTO course_person (person_id, course_id) VALUES ('ITITIU21019', 'IT-105');
INSERT INTO course_person (person_id, course_id) VALUES ('ITITIU21019', 'IT-109');

-- Course_Room
INSERT INTO course_room (room_id, course_id) VALUES ('100', 'IT-101');
INSERT INTO course_room (room_id, course_id) VALUES ('101', 'IT-101');
INSERT INTO course_room (room_id, course_id) VALUES ('106', 'IT-102');
INSERT INTO course_room (room_id, course_id) VALUES ('103', 'IT-102');
INSERT INTO course_room (room_id, course_id) VALUES ('109', 'IT-103');
INSERT INTO course_room (room_id, course_id) VALUES ('100', 'IT-103');
INSERT INTO course_room (room_id, course_id) VALUES ('102', 'IT-104');
INSERT INTO course_room (room_id, course_id) VALUES ('103', 'IT-104');
INSERT INTO course_room (room_id, course_id) VALUES ('108', 'IT-105');
INSERT INTO course_room (room_id, course_id) VALUES ('101', 'IT-105');
INSERT INTO course_room (room_id, course_id) VALUES ('102', 'IT-106');
INSERT INTO course_room (room_id, course_id) VALUES ('108', 'IT-106');
INSERT INTO course_room (room_id, course_id) VALUES ('109', 'IT-107');
INSERT INTO course_room (room_id, course_id) VALUES ('103', 'IT-107');
INSERT INTO course_room (room_id, course_id) VALUES ('106', 'IT-108');
INSERT INTO course_room (room_id, course_id) VALUES ('107', 'IT-108');
INSERT INTO course_room (room_id, course_id) VALUES ('106', 'IT-109');
INSERT INTO course_room (room_id, course_id) VALUES ('100', 'IT-109');
INSERT INTO course_room (room_id, course_id) VALUES ('109', 'IT-110');
INSERT INTO course_room (room_id, course_id) VALUES ('106', 'IT-110');

-- Person_Room_Attend
INSERT INTO person_room_attend (room_id, person_id) VALUES ('108', 'ITITIU21000');
INSERT INTO person_room_attend (room_id, person_id) VALUES ('109', 'ITITIU21000');
INSERT INTO person_room_attend (room_id, person_id) VALUES ('104', 'ITITIU21001');
INSERT INTO person_room_attend (room_id, person_id) VALUES ('102', 'ITITIU21001');
INSERT INTO person_room_attend (room_id, person_id) VALUES ('101', 'ITITIU21002');
INSERT INTO person_room_attend (room_id, person_id) VALUES ('107', 'ITITIU21002');
INSERT INTO person_room_attend (room_id, person_id) VALUES ('109', 'ITITIU21003');
INSERT INTO person_room_attend (room_id, person_id) VALUES ('101', 'ITITIU21003');
INSERT INTO person_room_attend (room_id, person_id) VALUES ('106', 'ITITIU21004');
INSERT INTO person_room_attend (room_id, person_id) VALUES ('101', 'ITITIU21004');
INSERT INTO person_room_attend (room_id, person_id) VALUES ('102', 'ITITIU21005');
INSERT INTO person_room_attend (room_id, person_id) VALUES ('101', 'ITITIU21005');
INSERT INTO person_room_attend (room_id, person_id) VALUES ('102', 'ITITIU21006');
INSERT INTO person_room_attend (room_id, person_id) VALUES ('100', 'ITITIU21006');
INSERT INTO person_room_attend (room_id, person_id) VALUES ('105', 'ITITIU21007');
INSERT INTO person_room_attend (room_id, person_id) VALUES ('102', 'ITITIU21007');
INSERT INTO person_room_attend (room_id, person_id) VALUES ('103', 'ITITIU21008');
INSERT INTO person_room_attend (room_id, person_id) VALUES ('109', 'ITITIU21008');
INSERT INTO person_room_attend (room_id, person_id) VALUES ('100', 'ITITIU21009');
INSERT INTO person_room_attend (room_id, person_id) VALUES ('104', 'ITITIU21009');
INSERT INTO person_room_attend (room_id, person_id) VALUES ('106', 'ITITIU21010');
INSERT INTO person_room_attend (room_id, person_id) VALUES ('100', 'ITITIU21010');
INSERT INTO person_room_attend (room_id, person_id) VALUES ('103', 'ITITIU21011');
INSERT INTO person_room_attend (room_id, person_id) VALUES ('108', 'ITITIU21011');
INSERT INTO person_room_attend (room_id, person_id) VALUES ('101', 'ITITIU21012');
INSERT INTO person_room_attend (room_id, person_id) VALUES ('105', 'ITITIU21012');
INSERT INTO person_room_attend (room_id, person_id) VALUES ('100', 'ITITIU21013');
INSERT INTO person_room_attend (room_id, person_id) VALUES ('109', 'ITITIU21013');
INSERT INTO person_room_attend (room_id, person_id) VALUES ('104', 'ITITIU21014');
INSERT INTO person_room_attend (room_id, person_id) VALUES ('103', 'ITITIU21014');
INSERT INTO person_room_attend (room_id, person_id) VALUES ('104', 'ITITIU21015');
INSERT INTO person_room_attend (room_id, person_id) VALUES ('102', 'ITITIU21015');
INSERT INTO person_room_attend (room_id, person_id) VALUES ('104', 'ITITIU21016');
INSERT INTO person_room_attend (room_id, person_id) VALUES ('102', 'ITITIU21016');
INSERT INTO person_room_attend (room_id, person_id) VALUES ('104', 'ITITIU21017');
INSERT INTO person_room_attend (room_id, person_id) VALUES ('108', 'ITITIU21017');
INSERT INTO person_room_attend (room_id, person_id) VALUES ('108', 'ITITIU21018');
INSERT INTO person_room_attend (room_id, person_id) VALUES ('105', 'ITITIU21018');
INSERT INTO person_room_attend (room_id, person_id) VALUES ('108', 'ITITIU21019');
INSERT INTO person_room_attend (room_id, person_id) VALUES ('105', 'ITITIU21019');

-- Exams
INSERT INTO exams (exam_id, bag_code, status, course_course_id, exam_type_type_id, date, time, difficulty) VALUES ('16153c73-35e7-413d-9654-46dc8e46af03', 'BC8972', 'Completed','IT-110', 1, '2024-09-24', '12:00:00.000000', 1);
INSERT INTO exams (exam_id, bag_code, status, course_course_id, exam_type_type_id, date, time, difficulty) VALUES ('b49df479-5a3c-4e7a-a5c6-3136b8a0d152', 'BC4072', 'Upcoming','IT-103', 2, '2025-01-21', '11:00:00.000000', 1);
INSERT INTO exams (exam_id, bag_code, status, course_course_id, exam_type_type_id, date, time, difficulty) VALUES ('d04f1617-4c01-4a17-ac94-c9daea53b90e', 'BC7755', 'Upcoming','IT-103', 2, '2024-03-27', '12:00:00.000000', 5);
INSERT INTO exams (exam_id, bag_code, status, course_course_id, exam_type_type_id, date, time, difficulty) VALUES ('dd16c86b-68ce-4366-b586-43a09b7103d8', 'BC4052', 'Upcoming','IT-101', 2, '2024-10-30', '10:00:00.000000', 2);
INSERT INTO exams (exam_id, bag_code, status, course_course_id, exam_type_type_id, date, time, difficulty) VALUES ('81716621-88e9-4c21-bfbf-483ce62b5f07', 'BC3750', 'Upcoming','IT-107', 2, '2024-04-11', '09:00:00.000000', 3);
INSERT INTO exams (exam_id, bag_code, status, course_course_id, exam_type_type_id, date, time, difficulty) VALUES ('cff38a26-aebf-4e56-8514-578fc4881689', 'BC4504', 'Upcoming','IT-104', 2, '2024-09-10', '11:00:00.000000', 4);
INSERT INTO exams (exam_id, bag_code, status, course_course_id, exam_type_type_id, date, time, difficulty) VALUES ('d4ee594c-f3e9-44c9-a141-fb23acbecfa7', 'BC4360', 'Upcoming','IT-107', 2, '2024-02-18', '11:00:00.000000', 1);
INSERT INTO exams (exam_id, bag_code, status, course_course_id, exam_type_type_id, date, time, difficulty) VALUES ('399040fc-b083-4eb4-86d1-626b5af101a4', 'BC6537', 'Cancelled','IT-106', 3, '2024-02-10', '09:00:00.000000', 1);
INSERT INTO exams (exam_id, bag_code, status, course_course_id, exam_type_type_id, date, time, difficulty) VALUES ('85421fc5-be48-455a-89d5-1d7f1ebebc1f', 'BC1581', 'Upcoming','IT-103', 2, '2024-06-24', '13:00:00.000000', 4);
INSERT INTO exams (exam_id, bag_code, status, course_course_id, exam_type_type_id, date, time, difficulty) VALUES ('1a9d7e0f-83b1-4567-a7bb-043d8cff20d0', 'BC6625', 'Upcoming','IT-109', 3, '2025-02-12', '10:00:00.000000', 4);
INSERT INTO exams (exam_id, bag_code, status, course_course_id, exam_type_type_id, date, time, difficulty) VALUES ('c11076c3-be70-4a50-8b6e-215a3db94ae0', 'BC7733', 'Cancelled','IT-108', 1, '2025-04-09', '10:00:00.000000', 3);
INSERT INTO exams (exam_id, bag_code, status, course_course_id, exam_type_type_id, date, time, difficulty) VALUES ('4819da1c-5783-4b2a-aea1-17bdafb364fa', 'BC7902', 'Upcoming','IT-102', 1, '2024-09-02', '13:00:00.000000', 4);
INSERT INTO exams (exam_id, bag_code, status, course_course_id, exam_type_type_id, date, time, difficulty) VALUES ('680919b9-f1f6-4d26-bf30-1be3106593e5', 'BC4259', 'Completed','IT-106', 3, '2024-06-19', '08:00:00.000000', 1);
INSERT INTO exams (exam_id, bag_code, status, course_course_id, exam_type_type_id, date, time, difficulty) VALUES ('c12ca2e0-6a79-44f3-a3bd-b6dd8e44dc57', 'BC8756', 'Upcoming','IT-101', 1, '2024-06-15', '09:00:00.000000', 1);
INSERT INTO exams (exam_id, bag_code, status, course_course_id, exam_type_type_id, date, time, difficulty) VALUES ('7b3b49c7-3e5b-4770-811a-232ad39dba2a', 'BC7349', 'Completed','IT-106', 2, '2024-09-25', '12:00:00.000000', 5);
INSERT INTO exams (exam_id, bag_code, status, course_course_id, exam_type_type_id, date, time, difficulty) VALUES ('0f6b50bf-e47f-4755-a318-ec86242daccf', 'BC5873', 'Upcoming','IT-104', 3, '2024-06-07', '08:00:00.000000', 3);
INSERT INTO exams (exam_id, bag_code, status, course_course_id, exam_type_type_id, date, time, difficulty) VALUES ('24fb9d65-6738-4d5c-820e-59baa799b59b', 'BC4944', 'Upcoming','IT-105', 2, '2024-07-07', '11:00:00.000000', 3);
INSERT INTO exams (exam_id, bag_code, status, course_course_id, exam_type_type_id, date, time, difficulty) VALUES ('852e02b8-69c6-4894-9c10-2fcc85aa1931', 'BC5494', 'Cancelled','IT-101', 1, '2024-09-22', '12:00:00.000000', 4);
INSERT INTO exams (exam_id, bag_code, status, course_course_id, exam_type_type_id, date, time, difficulty) VALUES ('6bf34049-9bb3-4e56-9119-11eaf8332feb', 'BC1747', 'Cancelled','IT-104', 2, '2024-05-07', '08:00:00.000000', 2);
INSERT INTO exams (exam_id, bag_code, status, course_course_id, exam_type_type_id, date, time, difficulty) VALUES ('712e1626-d629-4f29-bed2-1d7bc0e860f8', 'BC1563', 'Upcoming','IT-108', 2, '2025-05-15', '12:00:00.000000', 4);
INSERT INTO exams (exam_id, bag_code, status, course_course_id, exam_type_type_id, date, time, difficulty) VALUES ('3cb1a361-0321-4e35-a24c-89f0edd0eeb2', 'BC3885', 'Upcoming','IT-107', 1, '2024-12-04', '10:00:00.000000', 3);
INSERT INTO exams (exam_id, bag_code, status, course_course_id, exam_type_type_id, date, time, difficulty) VALUES ('b16a6e64-a1e0-43e3-93e6-e3cc1af0bd7a', 'BC1532', 'Completed','IT-107', 3, '2024-02-16', '10:00:00.000000', 2);
INSERT INTO exams (exam_id, bag_code, status, course_course_id, exam_type_type_id, date, time, difficulty) VALUES ('b6c55f95-6f98-4794-b825-f88b6af97c69', 'BC6010', 'Cancelled','IT-110', 3, '2024-08-08', '11:00:00.000000', 5);
INSERT INTO exams (exam_id, bag_code, status, course_course_id, exam_type_type_id, date, time, difficulty) VALUES ('5199c0db-a75f-4156-8639-60d5a51780a7', 'BC9043', 'Completed','IT-102', 1, '2024-12-21', '13:00:00.000000', 4);
INSERT INTO exams (exam_id, bag_code, status, course_course_id, exam_type_type_id, date, time, difficulty) VALUES ('15366646-4804-45ed-83c3-e785a6e041c3', 'BC7990', 'Upcoming','IT-104', 1, '2024-04-10', '10:00:00.000000', 1);
INSERT INTO exams (exam_id, bag_code, status, course_course_id, exam_type_type_id, date, time, difficulty) VALUES ('e4d69d0b-c858-4bdc-a1eb-be4cc2502daf', 'BC1681', 'Cancelled','IT-105', 1, '2024-03-14', '13:00:00.000000', 5);
INSERT INTO exams (exam_id, bag_code, status, course_course_id, exam_type_type_id, date, time, difficulty) VALUES ('d7febdf8-98e7-4585-b5f0-9389c91ff065', 'BC5148', 'Completed','IT-110', 1, '2024-11-10', '11:00:00.000000', 2);
INSERT INTO exams (exam_id, bag_code, status, course_course_id, exam_type_type_id, date, time, difficulty) VALUES ('3917edc3-a699-42a6-828d-8c556fa2b1bb', 'BC7387', 'Cancelled','IT-103', 2, '2024-06-12', '12:00:00.000000', 4);
INSERT INTO exams (exam_id, bag_code, status, course_course_id, exam_type_type_id, date, time, difficulty) VALUES ('47432ffd-4e48-4cac-b71f-824a01852667', 'BC3488', 'Completed','IT-108', 2, '2025-04-24', '11:00:00.000000', 5);
INSERT INTO exams (exam_id, bag_code, status, course_course_id, exam_type_type_id, date, time, difficulty) VALUES ('64a4f1ca-8a0e-4e81-b005-1d4608f92d3b', 'BC4585', 'Cancelled','IT-102', 3, '2025-04-05', '09:00:00.000000', 4);
INSERT INTO exams (exam_id, bag_code, status, course_course_id, exam_type_type_id, date, time, difficulty) VALUES ('631a1950-5155-4a4b-bf23-7ca1177cec74', 'BC9706', 'Completed','IT-104', 2, '2024-12-13', '11:00:00.000000', 2);
INSERT INTO exams (exam_id, bag_code, status, course_course_id, exam_type_type_id, date, time, difficulty) VALUES ('0ff0d205-b615-4807-a4e6-04a1ee9283fe', 'BC4485', 'Upcoming','IT-103', 3, '2024-10-22', '09:00:00.000000', 2);
INSERT INTO exams (exam_id, bag_code, status, course_course_id, exam_type_type_id, date, time, difficulty) VALUES ('52ce0249-05e1-4e15-9e5c-4695fdad810a', 'BC4415', 'Cancelled','IT-110', 2, '2025-04-29', '09:00:00.000000', 1);
INSERT INTO exams (exam_id, bag_code, status, course_course_id, exam_type_type_id, date, time, difficulty) VALUES ('3c1bdf2f-b3ab-411f-9fe5-80be332678b3', 'BC2179', 'Cancelled','IT-105', 1, '2025-02-12', '09:00:00.000000', 2);
INSERT INTO exams (exam_id, bag_code, status, course_course_id, exam_type_type_id, date, time, difficulty) VALUES ('9a52dc45-a107-4286-a781-3fda669ad715', 'BC5651', 'Cancelled','IT-107', 1, '2024-04-22', '09:00:00.000000', 2);
INSERT INTO exams (exam_id, bag_code, status, course_course_id, exam_type_type_id, date, time, difficulty) VALUES ('dd267c1e-5fe5-4c65-a2f2-7a1c6b23eb34', 'BC9084', 'Completed','IT-101', 1, '2024-01-18', '11:00:00.000000', 1);
INSERT INTO exams (exam_id, bag_code, status, course_course_id, exam_type_type_id, date, time, difficulty) VALUES ('7c9f94df-7ec2-4d00-a80f-e8e619eaaae6', 'BC6720', 'Completed','IT-102', 2, '2024-07-26', '12:00:00.000000', 1);
INSERT INTO exams (exam_id, bag_code, status, course_course_id, exam_type_type_id, date, time, difficulty) VALUES ('10ed3b89-72ea-4921-99cf-38da599f3e6d', 'BC6489', 'Upcoming','IT-103', 1, '2024-04-21', '08:00:00.000000', 4);
INSERT INTO exams (exam_id, bag_code, status, course_course_id, exam_type_type_id, date, time, difficulty) VALUES ('de69db59-b936-4d25-9ce6-b63697671b25', 'BC1592', 'Completed','IT-110', 3, '2024-10-02', '10:00:00.000000', 4);
INSERT INTO exams (exam_id, bag_code, status, course_course_id, exam_type_type_id, date, time, difficulty) VALUES ('04b7c092-804d-435e-8722-68f3afa99b84', 'BC3774', 'Completed','IT-103', 1, '2025-01-13', '09:00:00.000000', 5);
INSERT INTO exams (exam_id, bag_code, status, course_course_id, exam_type_type_id, date, time, difficulty) VALUES ('02472f34-1865-4bfc-ab60-c19e66f608fc', 'BC8334', 'Completed','IT-101', 3, '2024-06-13', '09:00:00.000000', 4);
INSERT INTO exams (exam_id, bag_code, status, course_course_id, exam_type_type_id, date, time, difficulty) VALUES ('37ae5cfc-6b7e-473f-be85-88d7d9faae6b', 'BC1734', 'Completed','IT-103', 3, '2025-03-22', '10:00:00.000000', 3);
INSERT INTO exams (exam_id, bag_code, status, course_course_id, exam_type_type_id, date, time, difficulty) VALUES ('a87abdf8-7c0e-4460-9aa3-053c2cab485c', 'BC7236', 'Completed','IT-104', 2, '2024-06-02', '10:00:00.000000', 3);
INSERT INTO exams (exam_id, bag_code, status, course_course_id, exam_type_type_id, date, time, difficulty) VALUES ('e64d4df6-a552-448e-8358-4cc00c57a305', 'BC2703', 'Completed','IT-109', 1, '2025-04-20', '11:00:00.000000', 5);
INSERT INTO exams (exam_id, bag_code, status, course_course_id, exam_type_type_id, date, time, difficulty) VALUES ('de09a14b-281e-43cc-86f8-79dd9883c9ad', 'BC7528', 'Cancelled','IT-104', 3, '2024-04-16', '11:00:00.000000', 4);
INSERT INTO exams (exam_id, bag_code, status, course_course_id, exam_type_type_id, date, time, difficulty) VALUES ('dd4bda81-9ef5-4836-ae45-c93ffd4d1dca', 'BC8418', 'Cancelled','IT-102', 1, '2024-04-30', '08:00:00.000000', 5);
INSERT INTO exams (exam_id, bag_code, status, course_course_id, exam_type_type_id, date, time, difficulty) VALUES ('3e579cff-204a-461a-8552-8c0a76cef07a', 'BC2391', 'Upcoming','IT-104', 2, '2024-10-07', '08:00:00.000000', 3);
INSERT INTO exams (exam_id, bag_code, status, course_course_id, exam_type_type_id, date, time, difficulty) VALUES ('6d0a75db-4c36-4314-b717-98452d33bf5c', 'BC6218', 'Cancelled','IT-106', 2, '2024-05-27', '11:00:00.000000', 3);
INSERT INTO exams (exam_id, bag_code, status, course_course_id, exam_type_type_id, date, time, difficulty) VALUES ('6107c376-a3e2-412b-b55c-1941e81aa876', 'BC8138', 'Cancelled','IT-103', 1, '2024-05-26', '13:00:00.000000', 2);
INSERT INTO exams (exam_id, bag_code, status, course_course_id, exam_type_type_id, date, time, difficulty) VALUES ('96b0ba4c-2210-4b34-9b3c-b82877ea8020', 'BC1845', 'Cancelled','IT-105', 2, '2025-04-18', '11:00:00.000000', 3);

-- Exam_Room
INSERT INTO exam_room (room_id, exam_id) VALUES ('104', '16153c73-35e7-413d-9654-46dc8e46af03');
INSERT INTO exam_room (room_id, exam_id) VALUES ('106', 'b49df479-5a3c-4e7a-a5c6-3136b8a0d152');
INSERT INTO exam_room (room_id, exam_id) VALUES ('102', 'd04f1617-4c01-4a17-ac94-c9daea53b90e');
INSERT INTO exam_room (room_id, exam_id) VALUES ('102', 'dd16c86b-68ce-4366-b586-43a09b7103d8');
INSERT INTO exam_room (room_id, exam_id) VALUES ('104', '81716621-88e9-4c21-bfbf-483ce62b5f07');
INSERT INTO exam_room (room_id, exam_id) VALUES ('105', 'cff38a26-aebf-4e56-8514-578fc4881689');
INSERT INTO exam_room (room_id, exam_id) VALUES ('105', 'd4ee594c-f3e9-44c9-a141-fb23acbecfa7');
INSERT INTO exam_room (room_id, exam_id) VALUES ('109', '399040fc-b083-4eb4-86d1-626b5af101a4');
INSERT INTO exam_room (room_id, exam_id) VALUES ('107', '85421fc5-be48-455a-89d5-1d7f1ebebc1f');
INSERT INTO exam_room (room_id, exam_id) VALUES ('103', '1a9d7e0f-83b1-4567-a7bb-043d8cff20d0');
INSERT INTO exam_room (room_id, exam_id) VALUES ('108', 'c11076c3-be70-4a50-8b6e-215a3db94ae0');
INSERT INTO exam_room (room_id, exam_id) VALUES ('107', '4819da1c-5783-4b2a-aea1-17bdafb364fa');
INSERT INTO exam_room (room_id, exam_id) VALUES ('109', '680919b9-f1f6-4d26-bf30-1be3106593e5');
INSERT INTO exam_room (room_id, exam_id) VALUES ('105', 'c12ca2e0-6a79-44f3-a3bd-b6dd8e44dc57');
INSERT INTO exam_room (room_id, exam_id) VALUES ('104', '7b3b49c7-3e5b-4770-811a-232ad39dba2a');
INSERT INTO exam_room (room_id, exam_id) VALUES ('103', '0f6b50bf-e47f-4755-a318-ec86242daccf');
INSERT INTO exam_room (room_id, exam_id) VALUES ('101', '24fb9d65-6738-4d5c-820e-59baa799b59b');
INSERT INTO exam_room (room_id, exam_id) VALUES ('100', '852e02b8-69c6-4894-9c10-2fcc85aa1931');
INSERT INTO exam_room (room_id, exam_id) VALUES ('103', '6bf34049-9bb3-4e56-9119-11eaf8332feb');
INSERT INTO exam_room (room_id, exam_id) VALUES ('104', '712e1626-d629-4f29-bed2-1d7bc0e860f8');
INSERT INTO exam_room (room_id, exam_id) VALUES ('106', '3cb1a361-0321-4e35-a24c-89f0edd0eeb2');
INSERT INTO exam_room (room_id, exam_id) VALUES ('104', 'b16a6e64-a1e0-43e3-93e6-e3cc1af0bd7a');
INSERT INTO exam_room (room_id, exam_id) VALUES ('109', 'b6c55f95-6f98-4794-b825-f88b6af97c69');
INSERT INTO exam_room (room_id, exam_id) VALUES ('103', '5199c0db-a75f-4156-8639-60d5a51780a7');
INSERT INTO exam_room (room_id, exam_id) VALUES ('109', '15366646-4804-45ed-83c3-e785a6e041c3');
INSERT INTO exam_room (room_id, exam_id) VALUES ('108', 'e4d69d0b-c858-4bdc-a1eb-be4cc2502daf');
INSERT INTO exam_room (room_id, exam_id) VALUES ('103', 'd7febdf8-98e7-4585-b5f0-9389c91ff065');
INSERT INTO exam_room (room_id, exam_id) VALUES ('105', '3917edc3-a699-42a6-828d-8c556fa2b1bb');
INSERT INTO exam_room (room_id, exam_id) VALUES ('102', '47432ffd-4e48-4cac-b71f-824a01852667');
INSERT INTO exam_room (room_id, exam_id) VALUES ('105', '64a4f1ca-8a0e-4e81-b005-1d4608f92d3b');
INSERT INTO exam_room (room_id, exam_id) VALUES ('103', '631a1950-5155-4a4b-bf23-7ca1177cec74');
INSERT INTO exam_room (room_id, exam_id) VALUES ('109', '0ff0d205-b615-4807-a4e6-04a1ee9283fe');
INSERT INTO exam_room (room_id, exam_id) VALUES ('107', '52ce0249-05e1-4e15-9e5c-4695fdad810a');
INSERT INTO exam_room (room_id, exam_id) VALUES ('105', '3c1bdf2f-b3ab-411f-9fe5-80be332678b3');
INSERT INTO exam_room (room_id, exam_id) VALUES ('105', '9a52dc45-a107-4286-a781-3fda669ad715');
INSERT INTO exam_room (room_id, exam_id) VALUES ('100', 'dd267c1e-5fe5-4c65-a2f2-7a1c6b23eb34');
INSERT INTO exam_room (room_id, exam_id) VALUES ('102', '7c9f94df-7ec2-4d00-a80f-e8e619eaaae6');
INSERT INTO exam_room (room_id, exam_id) VALUES ('109', '10ed3b89-72ea-4921-99cf-38da599f3e6d');
INSERT INTO exam_room (room_id, exam_id) VALUES ('101', 'de69db59-b936-4d25-9ce6-b63697671b25');
INSERT INTO exam_room (room_id, exam_id) VALUES ('105', '04b7c092-804d-435e-8722-68f3afa99b84');
INSERT INTO exam_room (room_id, exam_id) VALUES ('106', '02472f34-1865-4bfc-ab60-c19e66f608fc');
INSERT INTO exam_room (room_id, exam_id) VALUES ('108', '37ae5cfc-6b7e-473f-be85-88d7d9faae6b');
INSERT INTO exam_room (room_id, exam_id) VALUES ('101', 'a87abdf8-7c0e-4460-9aa3-053c2cab485c');
INSERT INTO exam_room (room_id, exam_id) VALUES ('101', 'e64d4df6-a552-448e-8358-4cc00c57a305');
INSERT INTO exam_room (room_id, exam_id) VALUES ('104', 'de09a14b-281e-43cc-86f8-79dd9883c9ad');
INSERT INTO exam_room (room_id, exam_id) VALUES ('107', 'dd4bda81-9ef5-4836-ae45-c93ffd4d1dca');
INSERT INTO exam_room (room_id, exam_id) VALUES ('101', '3e579cff-204a-461a-8552-8c0a76cef07a');
INSERT INTO exam_room (room_id, exam_id) VALUES ('103', '6d0a75db-4c36-4314-b717-98452d33bf5c');
INSERT INTO exam_room (room_id, exam_id) VALUES ('105', '6107c376-a3e2-412b-b55c-1941e81aa876');
INSERT INTO exam_room (room_id, exam_id) VALUES ('102', '96b0ba4c-2210-4b34-9b3c-b82877ea8020');

-- Person_Exam
INSERT INTO person_exam (person_id, exam_id) VALUES ('ITITIU21000', 'b49df479-5a3c-4e7a-a5c6-3136b8a0d152');
INSERT INTO person_exam (person_id, exam_id) VALUES ('ITITIU21000', 'e4d69d0b-c858-4bdc-a1eb-be4cc2502daf');
INSERT INTO person_exam (person_id, exam_id) VALUES ('ITITIU21000', '5199c0db-a75f-4156-8639-60d5a51780a7');
INSERT INTO person_exam (person_id, exam_id) VALUES ('ITITIU21001', 'b49df479-5a3c-4e7a-a5c6-3136b8a0d152');
INSERT INTO person_exam (person_id, exam_id) VALUES ('ITITIU21001', '4819da1c-5783-4b2a-aea1-17bdafb364fa');
INSERT INTO person_exam (person_id, exam_id) VALUES ('ITITIU21001', '04b7c092-804d-435e-8722-68f3afa99b84');
INSERT INTO person_exam (person_id, exam_id) VALUES ('ITITIU21002', '96b0ba4c-2210-4b34-9b3c-b82877ea8020');
INSERT INTO person_exam (person_id, exam_id) VALUES ('ITITIU21002', 'b49df479-5a3c-4e7a-a5c6-3136b8a0d152');
INSERT INTO person_exam (person_id, exam_id) VALUES ('ITITIU21002', '64a4f1ca-8a0e-4e81-b005-1d4608f92d3b');
INSERT INTO person_exam (person_id, exam_id) VALUES ('ITITIU21003', 'cff38a26-aebf-4e56-8514-578fc4881689');
INSERT INTO person_exam (person_id, exam_id) VALUES ('ITITIU21003', '5199c0db-a75f-4156-8639-60d5a51780a7');
INSERT INTO person_exam (person_id, exam_id) VALUES ('ITITIU21003', '85421fc5-be48-455a-89d5-1d7f1ebebc1f');
INSERT INTO person_exam (person_id, exam_id) VALUES ('ITITIU21004', 'cff38a26-aebf-4e56-8514-578fc4881689');
INSERT INTO person_exam (person_id, exam_id) VALUES ('ITITIU21004', '3cb1a361-0321-4e35-a24c-89f0edd0eeb2');
INSERT INTO person_exam (person_id, exam_id) VALUES ('ITITIU21004', 'de69db59-b936-4d25-9ce6-b63697671b25');
INSERT INTO person_exam (person_id, exam_id) VALUES ('ITITIU21005', 'b6c55f95-6f98-4794-b825-f88b6af97c69');
INSERT INTO person_exam (person_id, exam_id) VALUES ('ITITIU21005', '15366646-4804-45ed-83c3-e785a6e041c3');
INSERT INTO person_exam (person_id, exam_id) VALUES ('ITITIU21005', '9a52dc45-a107-4286-a781-3fda669ad715');
INSERT INTO person_exam (person_id, exam_id) VALUES ('ITITIU21006', '81716621-88e9-4c21-bfbf-483ce62b5f07');
INSERT INTO person_exam (person_id, exam_id) VALUES ('ITITIU21006', 'b16a6e64-a1e0-43e3-93e6-e3cc1af0bd7a');
INSERT INTO person_exam (person_id, exam_id) VALUES ('ITITIU21006', 'de69db59-b936-4d25-9ce6-b63697671b25');
INSERT INTO person_exam (person_id, exam_id) VALUES ('ITITIU21007', 'de69db59-b936-4d25-9ce6-b63697671b25');
INSERT INTO person_exam (person_id, exam_id) VALUES ('ITITIU21007', 'dd267c1e-5fe5-4c65-a2f2-7a1c6b23eb34');
INSERT INTO person_exam (person_id, exam_id) VALUES ('ITITIU21007', '02472f34-1865-4bfc-ab60-c19e66f608fc');
INSERT INTO person_exam (person_id, exam_id) VALUES ('ITITIU21008', 'de69db59-b936-4d25-9ce6-b63697671b25');
INSERT INTO person_exam (person_id, exam_id) VALUES ('ITITIU21008', '0ff0d205-b615-4807-a4e6-04a1ee9283fe');
INSERT INTO person_exam (person_id, exam_id) VALUES ('ITITIU21008', '631a1950-5155-4a4b-bf23-7ca1177cec74');
INSERT INTO person_exam (person_id, exam_id) VALUES ('ITITIU21009', '0ff0d205-b615-4807-a4e6-04a1ee9283fe');
INSERT INTO person_exam (person_id, exam_id) VALUES ('ITITIU21009', '3cb1a361-0321-4e35-a24c-89f0edd0eeb2');
INSERT INTO person_exam (person_id, exam_id) VALUES ('ITITIU21009', '3e579cff-204a-461a-8552-8c0a76cef07a');
INSERT INTO person_exam (person_id, exam_id) VALUES ('ITITIU21010', 'd04f1617-4c01-4a17-ac94-c9daea53b90e');
INSERT INTO person_exam (person_id, exam_id) VALUES ('ITITIU21010', '3c1bdf2f-b3ab-411f-9fe5-80be332678b3');
INSERT INTO person_exam (person_id, exam_id) VALUES ('ITITIU21010', '15366646-4804-45ed-83c3-e785a6e041c3');
INSERT INTO person_exam (person_id, exam_id) VALUES ('ITITIU21011', 'e64d4df6-a552-448e-8358-4cc00c57a305');
INSERT INTO person_exam (person_id, exam_id) VALUES ('ITITIU21011', 'b16a6e64-a1e0-43e3-93e6-e3cc1af0bd7a');
INSERT INTO person_exam (person_id, exam_id) VALUES ('ITITIU21011', 'de69db59-b936-4d25-9ce6-b63697671b25');
INSERT INTO person_exam (person_id, exam_id) VALUES ('ITITIU21012', '04b7c092-804d-435e-8722-68f3afa99b84');
INSERT INTO person_exam (person_id, exam_id) VALUES ('ITITIU21012', '15366646-4804-45ed-83c3-e785a6e041c3');
INSERT INTO person_exam (person_id, exam_id) VALUES ('ITITIU21012', '0f6b50bf-e47f-4755-a318-ec86242daccf');
INSERT INTO person_exam (person_id, exam_id) VALUES ('ITITIU21013', '02472f34-1865-4bfc-ab60-c19e66f608fc');
INSERT INTO person_exam (person_id, exam_id) VALUES ('ITITIU21013', '7b3b49c7-3e5b-4770-811a-232ad39dba2a');
INSERT INTO person_exam (person_id, exam_id) VALUES ('ITITIU21013', '96b0ba4c-2210-4b34-9b3c-b82877ea8020');
INSERT INTO person_exam (person_id, exam_id) VALUES ('ITITIU21014', '64a4f1ca-8a0e-4e81-b005-1d4608f92d3b');
INSERT INTO person_exam (person_id, exam_id) VALUES ('ITITIU21014', '9a52dc45-a107-4286-a781-3fda669ad715');
INSERT INTO person_exam (person_id, exam_id) VALUES ('ITITIU21014', 'cff38a26-aebf-4e56-8514-578fc4881689');
INSERT INTO person_exam (person_id, exam_id) VALUES ('ITITIU21015', 'dd267c1e-5fe5-4c65-a2f2-7a1c6b23eb34');
INSERT INTO person_exam (person_id, exam_id) VALUES ('ITITIU21015', 'e4d69d0b-c858-4bdc-a1eb-be4cc2502daf');
INSERT INTO person_exam (person_id, exam_id) VALUES ('ITITIU21015', 'de69db59-b936-4d25-9ce6-b63697671b25');
INSERT INTO person_exam (person_id, exam_id) VALUES ('ITITIU21016', '96b0ba4c-2210-4b34-9b3c-b82877ea8020');
INSERT INTO person_exam (person_id, exam_id) VALUES ('ITITIU21016', 'b16a6e64-a1e0-43e3-93e6-e3cc1af0bd7a');
INSERT INTO person_exam (person_id, exam_id) VALUES ('ITITIU21016', '15366646-4804-45ed-83c3-e785a6e041c3');
INSERT INTO person_exam (person_id, exam_id) VALUES ('ITITIU21017', 'dd267c1e-5fe5-4c65-a2f2-7a1c6b23eb34');
INSERT INTO person_exam (person_id, exam_id) VALUES ('ITITIU21017', '3c1bdf2f-b3ab-411f-9fe5-80be332678b3');
INSERT INTO person_exam (person_id, exam_id) VALUES ('ITITIU21017', '5199c0db-a75f-4156-8639-60d5a51780a7');
INSERT INTO person_exam (person_id, exam_id) VALUES ('ITITIU21018', '7c9f94df-7ec2-4d00-a80f-e8e619eaaae6');
INSERT INTO person_exam (person_id, exam_id) VALUES ('ITITIU21018', '680919b9-f1f6-4d26-bf30-1be3106593e5');
INSERT INTO person_exam (person_id, exam_id) VALUES ('ITITIU21018', 'dd267c1e-5fe5-4c65-a2f2-7a1c6b23eb34');
INSERT INTO person_exam (person_id, exam_id) VALUES ('ITITIU21019', '399040fc-b083-4eb4-86d1-626b5af101a4');
INSERT INTO person_exam (person_id, exam_id) VALUES ('ITITIU21019', 'de69db59-b936-4d25-9ce6-b63697671b25');
INSERT INTO person_exam (person_id, exam_id) VALUES ('ITITIU21019', '81716621-88e9-4c21-bfbf-483ce62b5f07');

-- Person_Exam_Report
INSERT INTO person_exam_report (grade, issue_date, course_id, person_id) VALUES (80, '2024-05-30 00:00:00.000000', 'IT-102', 'ITITIU21000');
INSERT INTO person_exam_report (grade, issue_date, course_id, person_id) VALUES (98, '2024-09-02 00:00:00.000000', 'IT-109', 'ITITIU21000');
INSERT INTO person_exam_report (grade, issue_date, course_id, person_id) VALUES (76, '2025-05-05 00:00:00.000000', 'IT-110', 'ITITIU21001');
INSERT INTO person_exam_report (grade, issue_date, course_id, person_id) VALUES (89, '2024-03-30 00:00:00.000000', 'IT-102', 'ITITIU21001');
INSERT INTO person_exam_report (grade, issue_date, course_id, person_id) VALUES (53, '2024-08-19 00:00:00.000000', 'IT-106', 'ITITIU21002');
INSERT INTO person_exam_report (grade, issue_date, course_id, person_id) VALUES (72, '2024-11-21 00:00:00.000000', 'IT-102', 'ITITIU21002');
INSERT INTO person_exam_report (grade, issue_date, course_id, person_id) VALUES (56, '2024-03-15 00:00:00.000000', 'IT-110', 'ITITIU21003');
INSERT INTO person_exam_report (grade, issue_date, course_id, person_id) VALUES (57, '2024-01-06 00:00:00.000000', 'IT-102', 'ITITIU21003');
INSERT INTO person_exam_report (grade, issue_date, course_id, person_id) VALUES (76, '2024-07-06 00:00:00.000000', 'IT-102', 'ITITIU21004');
INSERT INTO person_exam_report (grade, issue_date, course_id, person_id) VALUES (92, '2025-02-14 00:00:00.000000', 'IT-103', 'ITITIU21004');
INSERT INTO person_exam_report (grade, issue_date, course_id, person_id) VALUES (99, '2025-04-13 00:00:00.000000', 'IT-102', 'ITITIU21005');
INSERT INTO person_exam_report (grade, issue_date, course_id, person_id) VALUES (97, '2025-01-06 00:00:00.000000', 'IT-105', 'ITITIU21005');
INSERT INTO person_exam_report (grade, issue_date, course_id, person_id) VALUES (86, '2024-06-27 00:00:00.000000', 'IT-108', 'ITITIU21006');
INSERT INTO person_exam_report (grade, issue_date, course_id, person_id) VALUES (52, '2024-10-26 00:00:00.000000', 'IT-103', 'ITITIU21006');
INSERT INTO person_exam_report (grade, issue_date, course_id, person_id) VALUES (56, '2024-11-04 00:00:00.000000', 'IT-102', 'ITITIU21007');
INSERT INTO person_exam_report (grade, issue_date, course_id, person_id) VALUES (60, '2024-04-25 00:00:00.000000', 'IT-107', 'ITITIU21007');
INSERT INTO person_exam_report (grade, issue_date, course_id, person_id) VALUES (78, '2024-07-15 00:00:00.000000', 'IT-102', 'ITITIU21008');
INSERT INTO person_exam_report (grade, issue_date, course_id, person_id) VALUES (60, '2025-01-08 00:00:00.000000', 'IT-105', 'ITITIU21008');
INSERT INTO person_exam_report (grade, issue_date, course_id, person_id) VALUES (84, '2025-04-23 00:00:00.000000', 'IT-107', 'ITITIU21009');
INSERT INTO person_exam_report (grade, issue_date, course_id, person_id) VALUES (78, '2024-07-20 00:00:00.000000', 'IT-104', 'ITITIU21009');
INSERT INTO person_exam_report (grade, issue_date, course_id, person_id) VALUES (81, '2025-01-08 00:00:00.000000', 'IT-108', 'ITITIU21010');
INSERT INTO person_exam_report (grade, issue_date, course_id, person_id) VALUES (89, '2024-11-30 00:00:00.000000', 'IT-110', 'ITITIU21010');
INSERT INTO person_exam_report (grade, issue_date, course_id, person_id) VALUES (54, '2024-10-24 00:00:00.000000', 'IT-102', 'ITITIU21011');
INSERT INTO person_exam_report (grade, issue_date, course_id, person_id) VALUES (85, '2024-03-22 00:00:00.000000', 'IT-107', 'ITITIU21011');
INSERT INTO person_exam_report (grade, issue_date, course_id, person_id) VALUES (69, '2025-04-20 00:00:00.000000', 'IT-108', 'ITITIU21012');
INSERT INTO person_exam_report (grade, issue_date, course_id, person_id) VALUES (80, '2025-02-07 00:00:00.000000', 'IT-109', 'ITITIU21012');
INSERT INTO person_exam_report (grade, issue_date, course_id, person_id) VALUES (52, '2024-09-15 00:00:00.000000', 'IT-109', 'ITITIU21013');
INSERT INTO person_exam_report (grade, issue_date, course_id, person_id) VALUES (69, '2025-02-25 00:00:00.000000', 'IT-110', 'ITITIU21013');
INSERT INTO person_exam_report (grade, issue_date, course_id, person_id) VALUES (84, '2025-02-05 00:00:00.000000', 'IT-104', 'ITITIU21014');
INSERT INTO person_exam_report (grade, issue_date, course_id, person_id) VALUES (55, '2025-01-17 00:00:00.000000', 'IT-107', 'ITITIU21014');
INSERT INTO person_exam_report (grade, issue_date, course_id, person_id) VALUES (100, '2024-03-06 00:00:00.000000', 'IT-101', 'ITITIU21015');
INSERT INTO person_exam_report (grade, issue_date, course_id, person_id) VALUES (73, '2024-12-20 00:00:00.000000', 'IT-110', 'ITITIU21015');
INSERT INTO person_exam_report (grade, issue_date, course_id, person_id) VALUES (57, '2024-12-15 00:00:00.000000', 'IT-103', 'ITITIU21016');
INSERT INTO person_exam_report (grade, issue_date, course_id, person_id) VALUES (79, '2024-01-24 00:00:00.000000', 'IT-105', 'ITITIU21016');
INSERT INTO person_exam_report (grade, issue_date, course_id, person_id) VALUES (98, '2025-04-22 00:00:00.000000', 'IT-102', 'ITITIU21017');
INSERT INTO person_exam_report (grade, issue_date, course_id, person_id) VALUES (59, '2024-03-20 00:00:00.000000', 'IT-105', 'ITITIU21017');
INSERT INTO person_exam_report (grade, issue_date, course_id, person_id) VALUES (79, '2024-04-26 00:00:00.000000', 'IT-110', 'ITITIU21018');
INSERT INTO person_exam_report (grade, issue_date, course_id, person_id) VALUES (61, '2025-01-06 00:00:00.000000', 'IT-103', 'ITITIU21018');
INSERT INTO person_exam_report (grade, issue_date, course_id, person_id) VALUES (64, '2024-08-31 00:00:00.000000', 'IT-102', 'ITITIU21019');
INSERT INTO person_exam_report (grade, issue_date, course_id, person_id) VALUES (100, '2025-05-01 00:00:00.000000', 'IT-106', 'ITITIU21019');