-- Roles
INSERT INTO roles (role_id, name) VALUES (1, 'Role 1');
INSERT INTO roles (role_id, name) VALUES (2, 'Role 2');
INSERT INTO roles (role_id, name) VALUES (3, 'Role 3');

-- Courses
INSERT INTO courses (course_id, abbreviation, name) VALUES ('IT-101', 'PRF', 'Programming Fundamentals');
INSERT INTO courses (course_id, abbreviation, name) VALUES ('IT-102', 'DSA', 'Data Structures and Algorithms');
INSERT INTO courses (course_id, abbreviation, name) VALUES ('IT-103', 'DBI', 'Database Systems');
INSERT INTO courses (course_id, abbreviation, name) VALUES ('IT-104', 'OS', 'Operating Systems');
INSERT INTO courses (course_id, abbreviation, name) VALUES ('IT-105', 'CN', 'Computer Networks');
INSERT INTO courses (course_id, abbreviation, name) VALUES ('IT-106', 'SE', 'Software Engineering');
INSERT INTO courses (course_id, abbreviation, name) VALUES ('IT-107', 'AI', 'Artificial Intelligence');
INSERT INTO courses (course_id, abbreviation, name) VALUES ('IT-108', 'ML', 'Machine Learning');
INSERT INTO courses (course_id, abbreviation, name) VALUES ('IT-109', 'CS', 'Cybersecurity');
INSERT INTO courses (course_id, abbreviation, name) VALUES ('IT-110', 'WD', 'Web Development');

-- Rooms
INSERT INTO rooms (room_id, headcount) VALUES ('100', 34);
INSERT INTO rooms (room_id, headcount) VALUES ('101', 47);
INSERT INTO rooms (room_id, headcount) VALUES ('102', 26);
INSERT INTO rooms (room_id, headcount) VALUES ('103', 30);
INSERT INTO rooms (room_id, headcount) VALUES ('104', 25);
INSERT INTO rooms (room_id, headcount) VALUES ('105', 24);
INSERT INTO rooms (room_id, headcount) VALUES ('106', 34);
INSERT INTO rooms (room_id, headcount) VALUES ('107', 38);
INSERT INTO rooms (room_id, headcount) VALUES ('108', 39);
INSERT INTO rooms (room_id, headcount) VALUES ('109', 39);

-- Test Types
INSERT INTO test_types (type_id, description, name) VALUES (1, 'Final exam', 'Final');
INSERT INTO test_types (type_id, description, name) VALUES (2, 'Midterm', 'Midterm');
INSERT INTO test_types (type_id, description, name) VALUES (3, 'Quiz', 'Quiz');

-- Persons
INSERT INTO persons (person_id, age, birth_date, email, first_name, gender, join_date, last_name, middle_name, phone, role_role_id) VALUES ('ITITIU21000', 21, '2004-10-25 00:00:00.000000', 'an0@student.edu.vn', 'Nguyen', 0, '2024-06-03 00:00:00.000000', 'An', 'Van', '0912099348', 3);
INSERT INTO persons (person_id, age, birth_date, email, first_name, gender, join_date, last_name, middle_name, phone, role_role_id) VALUES ('ITITIU21001', 21, '2004-07-25 00:00:00.000000', 'binh1@student.edu.vn', 'Tran', 1, '2024-02-20 00:00:00.000000', 'Binh', 'Thi', '0993924802', 2);
INSERT INTO persons (person_id, age, birth_date, email, first_name, gender, join_date, last_name, middle_name, phone, role_role_id) VALUES ('ITITIU21002', 21, '2004-11-23 00:00:00.000000', 'chau2@student.edu.vn', 'Le', 0, '2024-12-21 00:00:00.000000', 'Chau', 'Duc', '0985280414', 1);
INSERT INTO persons (person_id, age, birth_date, email, first_name, gender, join_date, last_name, middle_name, phone, role_role_id) VALUES ('ITITIU21003', 21, '2004-11-18 00:00:00.000000', 'dung3@student.edu.vn', 'Pham', 1, '2024-09-19 00:00:00.000000', 'Dung', 'Minh', '0966920960', 3);
INSERT INTO persons (person_id, age, birth_date, email, first_name, gender, join_date, last_name, middle_name, phone, role_role_id) VALUES ('ITITIU21004', 21, '2004-02-24 00:00:00.000000', 'giang4@student.edu.vn', 'Hoang', 1, '2025-03-08 00:00:00.000000', 'Giang', 'Ngoc', '0952729575', 1);
INSERT INTO persons (person_id, age, birth_date, email, first_name, gender, join_date, last_name, middle_name, phone, role_role_id) VALUES ('ITITIU21005', 21, '2004-11-23 00:00:00.000000', 'hang5@student.edu.vn', 'Dang', 0, '2024-01-05 00:00:00.000000', 'Hang', 'Thanh', '0998829230', 1);
INSERT INTO persons (person_id, age, birth_date, email, first_name, gender, join_date, last_name, middle_name, phone, role_role_id) VALUES ('ITITIU21006', 21, '2004-12-23 00:00:00.000000', 'khoa6@student.edu.vn', 'Bui', 0, '2025-03-19 00:00:00.000000', 'Khoa', 'Quoc', '0943325063', 3);
INSERT INTO persons (person_id, age, birth_date, email, first_name, gender, join_date, last_name, middle_name, phone, role_role_id) VALUES ('ITITIU21007', 21, '2004-09-09 00:00:00.000000', 'linh7@student.edu.vn', 'Do', 1, '2024-10-20 00:00:00.000000', 'Linh', 'Huu', '0944263969', 1);
INSERT INTO persons (person_id, age, birth_date, email, first_name, gender, join_date, last_name, middle_name, phone, role_role_id) VALUES ('ITITIU21008', 21, '2004-11-01 00:00:00.000000', 'nam8@student.edu.vn', 'Ngo', 1, '2024-01-08 00:00:00.000000', 'Nam', 'Hong', '0963354585', 3);
INSERT INTO persons (person_id, age, birth_date, email, first_name, gender, join_date, last_name, middle_name, phone, role_role_id) VALUES ('ITITIU21009', 21, '2004-11-02 00:00:00.000000', 'quyen9@student.edu.vn', 'Vo', 1, '2025-01-28 00:00:00.000000', 'Quyen', 'Khanh', '0997433823', 3);
INSERT INTO persons (person_id, age, birth_date, email, first_name, gender, join_date, last_name, middle_name, phone, role_role_id) VALUES ('ITITIU21010', 21, '2004-08-04 00:00:00.000000', 'an10@student.edu.vn', 'Nguyen', 0, '2025-03-31 00:00:00.000000', 'An', 'Van', '0929351850', 3);
INSERT INTO persons (person_id, age, birth_date, email, first_name, gender, join_date, last_name, middle_name, phone, role_role_id) VALUES ('ITITIU21011', 21, '2004-07-02 00:00:00.000000', 'binh11@student.edu.vn', 'Tran', 1, '2024-04-11 00:00:00.000000', 'Binh', 'Thi', '0924346848', 3);
INSERT INTO persons (person_id, age, birth_date, email, first_name, gender, join_date, last_name, middle_name, phone, role_role_id) VALUES ('ITITIU21012', 21, '2004-09-26 00:00:00.000000', 'chau12@student.edu.vn', 'Le', 0, '2024-04-23 00:00:00.000000', 'Chau', 'Duc', '0926420400', 3);
INSERT INTO persons (person_id, age, birth_date, email, first_name, gender, join_date, last_name, middle_name, phone, role_role_id) VALUES ('ITITIU21013', 21, '2004-10-06 00:00:00.000000', 'dung13@student.edu.vn', 'Pham', 0, '2024-08-15 00:00:00.000000', 'Dung', 'Minh', '0930693070', 1);
INSERT INTO persons (person_id, age, birth_date, email, first_name, gender, join_date, last_name, middle_name, phone, role_role_id) VALUES ('ITITIU21014', 21, '2004-12-13 00:00:00.000000', 'giang14@student.edu.vn', 'Hoang', 0, '2025-03-05 00:00:00.000000', 'Giang', 'Ngoc', '0970590012', 3);
INSERT INTO persons (person_id, age, birth_date, email, first_name, gender, join_date, last_name, middle_name, phone, role_role_id) VALUES ('ITITIU21015', 21, '2004-02-17 00:00:00.000000', 'hang15@student.edu.vn', 'Dang', 0, '2024-10-25 00:00:00.000000', 'Hang', 'Thanh', '0997802831', 1);
INSERT INTO persons (person_id, age, birth_date, email, first_name, gender, join_date, last_name, middle_name, phone, role_role_id) VALUES ('ITITIU21016', 21, '2004-11-21 00:00:00.000000', 'khoa16@student.edu.vn', 'Bui', 0, '2024-03-30 00:00:00.000000', 'Khoa', 'Quoc', '0953966943', 2);
INSERT INTO persons (person_id, age, birth_date, email, first_name, gender, join_date, last_name, middle_name, phone, role_role_id) VALUES ('ITITIU21017', 21, '2004-12-12 00:00:00.000000', 'linh17@student.edu.vn', 'Do', 0, '2025-03-15 00:00:00.000000', 'Linh', 'Huu', '0920254656', 2);
INSERT INTO persons (person_id, age, birth_date, email, first_name, gender, join_date, last_name, middle_name, phone, role_role_id) VALUES ('ITITIU21018', 21, '2004-09-13 00:00:00.000000', 'nam18@student.edu.vn', 'Ngo', 0, '2024-02-13 00:00:00.000000', 'Nam', 'Hong', '0949455873', 2);
INSERT INTO persons (person_id, age, birth_date, email, first_name, gender, join_date, last_name, middle_name, phone, role_role_id) VALUES ('ITITIU21019', 21, '2004-01-24 00:00:00.000000', 'quyen19@student.edu.vn', 'Vo', 0, '2024-12-15 00:00:00.000000', 'Quyen', 'Khanh', '0928480428', 3);
INSERT INTO persons (person_id, age, birth_date, email, first_name, gender, join_date, last_name, middle_name, phone, role_role_id) VALUES ('ITITIU21020', 21, '2004-02-12 00:00:00.000000', 'an20@student.edu.vn', 'Nguyen', 0, '2024-04-08 00:00:00.000000', 'An', 'Van', '0955127518', 1);
INSERT INTO persons (person_id, age, birth_date, email, first_name, gender, join_date, last_name, middle_name, phone, role_role_id) VALUES ('ITITIU21021', 21, '2004-05-02 00:00:00.000000', 'binh21@student.edu.vn', 'Tran', 1, '2024-08-18 00:00:00.000000', 'Binh', 'Thi', '0921066760', 3);
INSERT INTO persons (person_id, age, birth_date, email, first_name, gender, join_date, last_name, middle_name, phone, role_role_id) VALUES ('ITITIU21022', 21, '2004-01-26 00:00:00.000000', 'chau22@student.edu.vn', 'Le', 1, '2024-07-15 00:00:00.000000', 'Chau', 'Duc', '0984760849', 1);
INSERT INTO persons (person_id, age, birth_date, email, first_name, gender, join_date, last_name, middle_name, phone, role_role_id) VALUES ('ITITIU21023', 21, '2004-09-15 00:00:00.000000', 'dung23@student.edu.vn', 'Pham', 0, '2024-10-12 00:00:00.000000', 'Dung', 'Minh', '0952041450', 2);
INSERT INTO persons (person_id, age, birth_date, email, first_name, gender, join_date, last_name, middle_name, phone, role_role_id) VALUES ('ITITIU21024', 21, '2004-04-07 00:00:00.000000', 'giang24@student.edu.vn', 'Hoang', 1, '2025-03-17 00:00:00.000000', 'Giang', 'Ngoc', '0975803440', 3);
INSERT INTO persons (person_id, age, birth_date, email, first_name, gender, join_date, last_name, middle_name, phone, role_role_id) VALUES ('ITITIU21025', 21, '2004-02-21 00:00:00.000000', 'hang25@student.edu.vn', 'Dang', 1, '2025-04-24 00:00:00.000000', 'Hang', 'Thanh', '0979605098', 1);
INSERT INTO persons (person_id, age, birth_date, email, first_name, gender, join_date, last_name, middle_name, phone, role_role_id) VALUES ('ITITIU21026', 21, '2004-12-09 00:00:00.000000', 'khoa26@student.edu.vn', 'Bui', 1, '2024-03-23 00:00:00.000000', 'Khoa', 'Quoc', '0929719390', 2);
INSERT INTO persons (person_id, age, birth_date, email, first_name, gender, join_date, last_name, middle_name, phone, role_role_id) VALUES ('ITITIU21027', 21, '2004-06-10 00:00:00.000000', 'linh27@student.edu.vn', 'Do', 1, '2024-05-03 00:00:00.000000', 'Linh', 'Huu', '0985755792', 1);
INSERT INTO persons (person_id, age, birth_date, email, first_name, gender, join_date, last_name, middle_name, phone, role_role_id) VALUES ('ITITIU21028', 21, '2004-06-02 00:00:00.000000', 'nam28@student.edu.vn', 'Ngo', 1, '2024-09-06 00:00:00.000000', 'Nam', 'Hong', '0981692709', 1);
INSERT INTO persons (person_id, age, birth_date, email, first_name, gender, join_date, last_name, middle_name, phone, role_role_id) VALUES ('ITITIU21029', 21, '2004-08-15 00:00:00.000000', 'quyen29@student.edu.vn', 'Vo', 1, '2025-02-14 00:00:00.000000', 'Quyen', 'Khanh', '0940226837', 1);
INSERT INTO persons (person_id, age, birth_date, email, first_name, gender, join_date, last_name, middle_name, phone, role_role_id) VALUES ('ITITIU21030', 21, '2004-09-18 00:00:00.000000', 'an30@student.edu.vn', 'Nguyen', 0, '2024-05-01 00:00:00.000000', 'An', 'Van', '0946640259', 1);
INSERT INTO persons (person_id, age, birth_date, email, first_name, gender, join_date, last_name, middle_name, phone, role_role_id) VALUES ('ITITIU21031', 21, '2004-08-20 00:00:00.000000', 'binh31@student.edu.vn', 'Tran', 0, '2024-10-03 00:00:00.000000', 'Binh', 'Thi', '0954710399', 3);
INSERT INTO persons (person_id, age, birth_date, email, first_name, gender, join_date, last_name, middle_name, phone, role_role_id) VALUES ('ITITIU21032', 21, '2004-12-23 00:00:00.000000', 'chau32@student.edu.vn', 'Le', 1, '2024-01-17 00:00:00.000000', 'Chau', 'Duc', '0930922037', 1);
INSERT INTO persons (person_id, age, birth_date, email, first_name, gender, join_date, last_name, middle_name, phone, role_role_id) VALUES ('ITITIU21033', 21, '2004-04-28 00:00:00.000000', 'dung33@student.edu.vn', 'Pham', 0, '2025-03-06 00:00:00.000000', 'Dung', 'Minh', '0947049332', 1);
INSERT INTO persons (person_id, age, birth_date, email, first_name, gender, join_date, last_name, middle_name, phone, role_role_id) VALUES ('ITITIU21034', 21, '2004-06-16 00:00:00.000000', 'giang34@student.edu.vn', 'Hoang', 1, '2024-12-21 00:00:00.000000', 'Giang', 'Ngoc', '0935932864', 3);
INSERT INTO persons (person_id, age, birth_date, email, first_name, gender, join_date, last_name, middle_name, phone, role_role_id) VALUES ('ITITIU21035', 21, '2004-07-15 00:00:00.000000', 'hang35@student.edu.vn', 'Dang', 0, '2025-04-27 00:00:00.000000', 'Hang', 'Thanh', '0949966289', 1);
INSERT INTO persons (person_id, age, birth_date, email, first_name, gender, join_date, last_name, middle_name, phone, role_role_id) VALUES ('ITITIU21036', 21, '2004-07-09 00:00:00.000000', 'khoa36@student.edu.vn', 'Bui', 1, '2025-03-25 00:00:00.000000', 'Khoa', 'Quoc', '0967229270', 1);
INSERT INTO persons (person_id, age, birth_date, email, first_name, gender, join_date, last_name, middle_name, phone, role_role_id) VALUES ('ITITIU21037', 21, '2004-11-23 00:00:00.000000', 'linh37@student.edu.vn', 'Do', 1, '2024-05-06 00:00:00.000000', 'Linh', 'Huu', '0997777936', 3);
INSERT INTO persons (person_id, age, birth_date, email, first_name, gender, join_date, last_name, middle_name, phone, role_role_id) VALUES ('ITITIU21038', 21, '2004-06-17 00:00:00.000000', 'nam38@student.edu.vn', 'Ngo', 0, '2025-01-19 00:00:00.000000', 'Nam', 'Hong', '0966648794', 1);
INSERT INTO persons (person_id, age, birth_date, email, first_name, gender, join_date, last_name, middle_name, phone, role_role_id) VALUES ('ITITIU21039', 21, '2004-04-01 00:00:00.000000', 'quyen39@student.edu.vn', 'Vo', 1, '2025-01-18 00:00:00.000000', 'Quyen', 'Khanh', '0920755754', 3);
INSERT INTO persons (person_id, age, birth_date, email, first_name, gender, join_date, last_name, middle_name, phone, role_role_id) VALUES ('ITITIU21040', 21, '2004-09-21 00:00:00.000000', 'an40@student.edu.vn', 'Nguyen', 0, '2024-01-04 00:00:00.000000', 'An', 'Van', '0957284142', 3);
INSERT INTO persons (person_id, age, birth_date, email, first_name, gender, join_date, last_name, middle_name, phone, role_role_id) VALUES ('ITITIU21041', 21, '2004-03-23 00:00:00.000000', 'binh41@student.edu.vn', 'Tran', 1, '2024-06-25 00:00:00.000000', 'Binh', 'Thi', '0973204084', 1);
INSERT INTO persons (person_id, age, birth_date, email, first_name, gender, join_date, last_name, middle_name, phone, role_role_id) VALUES ('ITITIU21042', 21, '2004-12-13 00:00:00.000000', 'chau42@student.edu.vn', 'Le', 1, '2025-01-08 00:00:00.000000', 'Chau', 'Duc', '0920383114', 3);
INSERT INTO persons (person_id, age, birth_date, email, first_name, gender, join_date, last_name, middle_name, phone, role_role_id) VALUES ('ITITIU21043', 21, '2004-05-07 00:00:00.000000', 'dung43@student.edu.vn', 'Pham', 1, '2025-02-03 00:00:00.000000', 'Dung', 'Minh', '0981716745', 1);
INSERT INTO persons (person_id, age, birth_date, email, first_name, gender, join_date, last_name, middle_name, phone, role_role_id) VALUES ('ITITIU21044', 21, '2004-04-09 00:00:00.000000', 'giang44@student.edu.vn', 'Hoang', 0, '2024-09-14 00:00:00.000000', 'Giang', 'Ngoc', '0917480033', 2);
INSERT INTO persons (person_id, age, birth_date, email, first_name, gender, join_date, last_name, middle_name, phone, role_role_id) VALUES ('ITITIU21045', 21, '2004-02-09 00:00:00.000000', 'hang45@student.edu.vn', 'Dang', 0, '2024-10-23 00:00:00.000000', 'Hang', 'Thanh', '0931847420', 3);
INSERT INTO persons (person_id, age, birth_date, email, first_name, gender, join_date, last_name, middle_name, phone, role_role_id) VALUES ('ITITIU21046', 21, '2004-09-28 00:00:00.000000', 'khoa46@student.edu.vn', 'Bui', 0, '2025-04-20 00:00:00.000000', 'Khoa', 'Quoc', '0969297811', 1);
INSERT INTO persons (person_id, age, birth_date, email, first_name, gender, join_date, last_name, middle_name, phone, role_role_id) VALUES ('ITITIU21047', 21, '2004-03-20 00:00:00.000000', 'linh47@student.edu.vn', 'Do', 0, '2025-04-16 00:00:00.000000', 'Linh', 'Huu', '0929067340', 2);
INSERT INTO persons (person_id, age, birth_date, email, first_name, gender, join_date, last_name, middle_name, phone, role_role_id) VALUES ('ITITIU21048', 21, '2004-09-21 00:00:00.000000', 'nam48@student.edu.vn', 'Ngo', 1, '2024-04-19 00:00:00.000000', 'Nam', 'Hong', '0932711665', 2);
INSERT INTO persons (person_id, age, birth_date, email, first_name, gender, join_date, last_name, middle_name, phone, role_role_id) VALUES ('ITITIU21049', 21, '2004-04-10 00:00:00.000000', 'quyen49@student.edu.vn', 'Vo', 1, '2025-03-17 00:00:00.000000', 'Quyen', 'Khanh', '0912378560', 2);
INSERT INTO persons (person_id, age, birth_date, email, first_name, gender, join_date, last_name, middle_name, phone, role_role_id) VALUES ('ITITIU21050', 21, '2004-05-07 00:00:00.000000', 'an50@student.edu.vn', 'Nguyen', 0, '2024-01-10 00:00:00.000000', 'An', 'Van', '0911000142', 3);
INSERT INTO persons (person_id, age, birth_date, email, first_name, gender, join_date, last_name, middle_name, phone, role_role_id) VALUES ('ITITIU21051', 21, '2004-02-01 00:00:00.000000', 'binh51@student.edu.vn', 'Tran', 1, '2024-02-16 00:00:00.000000', 'Binh', 'Thi', '0971936632', 2);
INSERT INTO persons (person_id, age, birth_date, email, first_name, gender, join_date, last_name, middle_name, phone, role_role_id) VALUES ('ITITIU21052', 21, '2004-07-09 00:00:00.000000', 'chau52@student.edu.vn', 'Le', 0, '2024-09-15 00:00:00.000000', 'Chau', 'Duc', '0965743360', 3);
INSERT INTO persons (person_id, age, birth_date, email, first_name, gender, join_date, last_name, middle_name, phone, role_role_id) VALUES ('ITITIU21053', 21, '2004-12-25 00:00:00.000000', 'dung53@student.edu.vn', 'Pham', 1, '2024-08-06 00:00:00.000000', 'Dung', 'Minh', '0921718342', 1);
INSERT INTO persons (person_id, age, birth_date, email, first_name, gender, join_date, last_name, middle_name, phone, role_role_id) VALUES ('ITITIU21054', 21, '2004-08-09 00:00:00.000000', 'giang54@student.edu.vn', 'Hoang', 1, '2024-05-16 00:00:00.000000', 'Giang', 'Ngoc', '0952022150', 3);
INSERT INTO persons (person_id, age, birth_date, email, first_name, gender, join_date, last_name, middle_name, phone, role_role_id) VALUES ('ITITIU21055', 21, '2004-07-27 00:00:00.000000', 'hang55@student.edu.vn', 'Dang', 1, '2024-03-22 00:00:00.000000', 'Hang', 'Thanh', '0957302924', 2);
INSERT INTO persons (person_id, age, birth_date, email, first_name, gender, join_date, last_name, middle_name, phone, role_role_id) VALUES ('ITITIU21056', 21, '2004-08-12 00:00:00.000000', 'khoa56@student.edu.vn', 'Bui', 0, '2024-03-01 00:00:00.000000', 'Khoa', 'Quoc', '0927765262', 1);
INSERT INTO persons (person_id, age, birth_date, email, first_name, gender, join_date, last_name, middle_name, phone, role_role_id) VALUES ('ITITIU21057', 21, '2004-09-10 00:00:00.000000', 'linh57@student.edu.vn', 'Do', 0, '2024-05-10 00:00:00.000000', 'Linh', 'Huu', '0986116612', 1);
INSERT INTO persons (person_id, age, birth_date, email, first_name, gender, join_date, last_name, middle_name, phone, role_role_id) VALUES ('ITITIU21058', 21, '2004-12-25 00:00:00.000000', 'nam58@student.edu.vn', 'Ngo', 1, '2024-03-07 00:00:00.000000', 'Nam', 'Hong', '0995502042', 3);
INSERT INTO persons (person_id, age, birth_date, email, first_name, gender, join_date, last_name, middle_name, phone, role_role_id) VALUES ('ITITIU21059', 21, '2004-06-21 00:00:00.000000', 'quyen59@student.edu.vn', 'Vo', 1, '2025-02-01 00:00:00.000000', 'Quyen', 'Khanh', '0953821071', 2);
INSERT INTO persons (person_id, age, birth_date, email, first_name, gender, join_date, last_name, middle_name, phone, role_role_id) VALUES ('ITITIU21060', 21, '2004-02-20 00:00:00.000000', 'an60@student.edu.vn', 'Nguyen', 1, '2024-11-04 00:00:00.000000', 'An', 'Van', '0920299458', 3);
INSERT INTO persons (person_id, age, birth_date, email, first_name, gender, join_date, last_name, middle_name, phone, role_role_id) VALUES ('ITITIU21061', 21, '2004-09-13 00:00:00.000000', 'binh61@student.edu.vn', 'Tran', 1, '2024-02-29 00:00:00.000000', 'Binh', 'Thi', '0994861593', 1);
INSERT INTO persons (person_id, age, birth_date, email, first_name, gender, join_date, last_name, middle_name, phone, role_role_id) VALUES ('ITITIU21062', 21, '2004-01-03 00:00:00.000000', 'chau62@student.edu.vn', 'Le', 0, '2024-03-01 00:00:00.000000', 'Chau', 'Duc', '0999822000', 3);
INSERT INTO persons (person_id, age, birth_date, email, first_name, gender, join_date, last_name, middle_name, phone, role_role_id) VALUES ('ITITIU21063', 21, '2004-10-13 00:00:00.000000', 'dung63@student.edu.vn', 'Pham', 0, '2025-05-04 00:00:00.000000', 'Dung', 'Minh', '0974828017', 2);
INSERT INTO persons (person_id, age, birth_date, email, first_name, gender, join_date, last_name, middle_name, phone, role_role_id) VALUES ('ITITIU21064', 21, '2004-12-05 00:00:00.000000', 'giang64@student.edu.vn', 'Hoang', 0, '2024-07-11 00:00:00.000000', 'Giang', 'Ngoc', '0919867604', 1);
INSERT INTO persons (person_id, age, birth_date, email, first_name, gender, join_date, last_name, middle_name, phone, role_role_id) VALUES ('ITITIU21065', 21, '2004-02-27 00:00:00.000000', 'hang65@student.edu.vn', 'Dang', 0, '2024-05-21 00:00:00.000000', 'Hang', 'Thanh', '0984929213', 1);
INSERT INTO persons (person_id, age, birth_date, email, first_name, gender, join_date, last_name, middle_name, phone, role_role_id) VALUES ('ITITIU21066', 21, '2004-10-12 00:00:00.000000', 'khoa66@student.edu.vn', 'Bui', 0, '2025-03-17 00:00:00.000000', 'Khoa', 'Quoc', '0932778179', 2);
INSERT INTO persons (person_id, age, birth_date, email, first_name, gender, join_date, last_name, middle_name, phone, role_role_id) VALUES ('ITITIU21067', 21, '2004-07-20 00:00:00.000000', 'linh67@student.edu.vn', 'Do', 0, '2025-04-09 00:00:00.000000', 'Linh', 'Huu', '0985246357', 1);
INSERT INTO persons (person_id, age, birth_date, email, first_name, gender, join_date, last_name, middle_name, phone, role_role_id) VALUES ('ITITIU21068', 21, '2004-02-04 00:00:00.000000', 'nam68@student.edu.vn', 'Ngo', 1, '2024-04-24 00:00:00.000000', 'Nam', 'Hong', '0931142213', 1);
INSERT INTO persons (person_id, age, birth_date, email, first_name, gender, join_date, last_name, middle_name, phone, role_role_id) VALUES ('ITITIU21069', 21, '2004-12-07 00:00:00.000000', 'quyen69@student.edu.vn', 'Vo', 0, '2024-08-28 00:00:00.000000', 'Quyen', 'Khanh', '0969964312', 1);
INSERT INTO persons (person_id, age, birth_date, email, first_name, gender, join_date, last_name, middle_name, phone, role_role_id) VALUES ('ITITIU21070', 21, '2004-10-18 00:00:00.000000', 'an70@student.edu.vn', 'Nguyen', 1, '2024-04-03 00:00:00.000000', 'An', 'Van', '0916879487', 3);
INSERT INTO persons (person_id, age, birth_date, email, first_name, gender, join_date, last_name, middle_name, phone, role_role_id) VALUES ('ITITIU21071', 21, '2004-11-12 00:00:00.000000', 'binh71@student.edu.vn', 'Tran', 0, '2024-10-21 00:00:00.000000', 'Binh', 'Thi', '0913704277', 1);
INSERT INTO persons (person_id, age, birth_date, email, first_name, gender, join_date, last_name, middle_name, phone, role_role_id) VALUES ('ITITIU21072', 21, '2004-05-28 00:00:00.000000', 'chau72@student.edu.vn', 'Le', 0, '2024-07-22 00:00:00.000000', 'Chau', 'Duc', '0933657901', 1);
INSERT INTO persons (person_id, age, birth_date, email, first_name, gender, join_date, last_name, middle_name, phone, role_role_id) VALUES ('ITITIU21073', 21, '2004-01-01 00:00:00.000000', 'dung73@student.edu.vn', 'Pham', 1, '2024-08-22 00:00:00.000000', 'Dung', 'Minh', '0983910734', 2);
INSERT INTO persons (person_id, age, birth_date, email, first_name, gender, join_date, last_name, middle_name, phone, role_role_id) VALUES ('ITITIU21074', 21, '2004-02-03 00:00:00.000000', 'giang74@student.edu.vn', 'Hoang', 0, '2024-11-16 00:00:00.000000', 'Giang', 'Ngoc', '0992838535', 3);
INSERT INTO persons (person_id, age, birth_date, email, first_name, gender, join_date, last_name, middle_name, phone, role_role_id) VALUES ('ITITIU21075', 21, '2004-03-06 00:00:00.000000', 'hang75@student.edu.vn', 'Dang', 1, '2024-02-23 00:00:00.000000', 'Hang', 'Thanh', '0958526048', 2);
INSERT INTO persons (person_id, age, birth_date, email, first_name, gender, join_date, last_name, middle_name, phone, role_role_id) VALUES ('ITITIU21076', 21, '2004-03-25 00:00:00.000000', 'khoa76@student.edu.vn', 'Bui', 0, '2024-02-28 00:00:00.000000', 'Khoa', 'Quoc', '0993471611', 1);
INSERT INTO persons (person_id, age, birth_date, email, first_name, gender, join_date, last_name, middle_name, phone, role_role_id) VALUES ('ITITIU21077', 21, '2004-09-08 00:00:00.000000', 'linh77@student.edu.vn', 'Do', 1, '2024-07-08 00:00:00.000000', 'Linh', 'Huu', '0965719580', 1);
INSERT INTO persons (person_id, age, birth_date, email, first_name, gender, join_date, last_name, middle_name, phone, role_role_id) VALUES ('ITITIU21078', 21, '2004-05-21 00:00:00.000000', 'nam78@student.edu.vn', 'Ngo', 1, '2024-09-04 00:00:00.000000', 'Nam', 'Hong', '0979898976', 2);
INSERT INTO persons (person_id, age, birth_date, email, first_name, gender, join_date, last_name, middle_name, phone, role_role_id) VALUES ('ITITIU21079', 21, '2004-08-28 00:00:00.000000', 'quyen79@student.edu.vn', 'Vo', 1, '2025-05-19 00:00:00.000000', 'Quyen', 'Khanh', '0996919125', 1);
INSERT INTO persons (person_id, age, birth_date, email, first_name, gender, join_date, last_name, middle_name, phone, role_role_id) VALUES ('ITITIU21080', 21, '2004-04-21 00:00:00.000000', 'an80@student.edu.vn', 'Nguyen', 0, '2024-06-09 00:00:00.000000', 'An', 'Van', '0943719705', 1);
INSERT INTO persons (person_id, age, birth_date, email, first_name, gender, join_date, last_name, middle_name, phone, role_role_id) VALUES ('ITITIU21081', 21, '2004-07-04 00:00:00.000000', 'binh81@student.edu.vn', 'Tran', 0, '2024-11-17 00:00:00.000000', 'Binh', 'Thi', '0941098604', 2);
INSERT INTO persons (person_id, age, birth_date, email, first_name, gender, join_date, last_name, middle_name, phone, role_role_id) VALUES ('ITITIU21082', 21, '2004-09-04 00:00:00.000000', 'chau82@student.edu.vn', 'Le', 0, '2024-11-18 00:00:00.000000', 'Chau', 'Duc', '0931978495', 2);
INSERT INTO persons (person_id, age, birth_date, email, first_name, gender, join_date, last_name, middle_name, phone, role_role_id) VALUES ('ITITIU21083', 21, '2004-08-12 00:00:00.000000', 'dung83@student.edu.vn', 'Pham', 1, '2025-05-01 00:00:00.000000', 'Dung', 'Minh', '0937121783', 1);
INSERT INTO persons (person_id, age, birth_date, email, first_name, gender, join_date, last_name, middle_name, phone, role_role_id) VALUES ('ITITIU21084', 21, '2004-09-06 00:00:00.000000', 'giang84@student.edu.vn', 'Hoang', 0, '2024-10-19 00:00:00.000000', 'Giang', 'Ngoc', '0969367503', 3);
INSERT INTO persons (person_id, age, birth_date, email, first_name, gender, join_date, last_name, middle_name, phone, role_role_id) VALUES ('ITITIU21085', 21, '2004-10-01 00:00:00.000000', 'hang85@student.edu.vn', 'Dang', 0, '2024-07-24 00:00:00.000000', 'Hang', 'Thanh', '0998441753', 1);
INSERT INTO persons (person_id, age, birth_date, email, first_name, gender, join_date, last_name, middle_name, phone, role_role_id) VALUES ('ITITIU21086', 21, '2004-11-10 00:00:00.000000', 'khoa86@student.edu.vn', 'Bui', 0, '2024-11-28 00:00:00.000000', 'Khoa', 'Quoc', '0988877845', 2);
INSERT INTO persons (person_id, age, birth_date, email, first_name, gender, join_date, last_name, middle_name, phone, role_role_id) VALUES ('ITITIU21087', 21, '2004-02-24 00:00:00.000000', 'linh87@student.edu.vn', 'Do', 1, '2024-06-01 00:00:00.000000', 'Linh', 'Huu', '0944978893', 1);
INSERT INTO persons (person_id, age, birth_date, email, first_name, gender, join_date, last_name, middle_name, phone, role_role_id) VALUES ('ITITIU21088', 21, '2004-11-03 00:00:00.000000', 'nam88@student.edu.vn', 'Ngo', 1, '2025-05-10 00:00:00.000000', 'Nam', 'Hong', '0976349752', 2);
INSERT INTO persons (person_id, age, birth_date, email, first_name, gender, join_date, last_name, middle_name, phone, role_role_id) VALUES ('ITITIU21089', 21, '2004-10-03 00:00:00.000000', 'quyen89@student.edu.vn', 'Vo', 0, '2024-02-18 00:00:00.000000', 'Quyen', 'Khanh', '0961094447', 2);
INSERT INTO persons (person_id, age, birth_date, email, first_name, gender, join_date, last_name, middle_name, phone, role_role_id) VALUES ('ITITIU21090', 21, '2004-01-10 00:00:00.000000', 'an90@student.edu.vn', 'Nguyen', 0, '2025-04-28 00:00:00.000000', 'An', 'Van', '0924026719', 3);
INSERT INTO persons (person_id, age, birth_date, email, first_name, gender, join_date, last_name, middle_name, phone, role_role_id) VALUES ('ITITIU21091', 21, '2004-08-22 00:00:00.000000', 'binh91@student.edu.vn', 'Tran', 1, '2024-09-21 00:00:00.000000', 'Binh', 'Thi', '0962829676', 3);
INSERT INTO persons (person_id, age, birth_date, email, first_name, gender, join_date, last_name, middle_name, phone, role_role_id) VALUES ('ITITIU21092', 21, '2004-12-28 00:00:00.000000', 'chau92@student.edu.vn', 'Le', 0, '2024-12-03 00:00:00.000000', 'Chau', 'Duc', '0970774087', 2);
INSERT INTO persons (person_id, age, birth_date, email, first_name, gender, join_date, last_name, middle_name, phone, role_role_id) VALUES ('ITITIU21093', 21, '2004-05-16 00:00:00.000000', 'dung93@student.edu.vn', 'Pham', 1, '2024-09-07 00:00:00.000000', 'Dung', 'Minh', '0957913076', 2);
INSERT INTO persons (person_id, age, birth_date, email, first_name, gender, join_date, last_name, middle_name, phone, role_role_id) VALUES ('ITITIU21094', 21, '2004-08-06 00:00:00.000000', 'giang94@student.edu.vn', 'Hoang', 0, '2024-06-12 00:00:00.000000', 'Giang', 'Ngoc', '0986714049', 3);
INSERT INTO persons (person_id, age, birth_date, email, first_name, gender, join_date, last_name, middle_name, phone, role_role_id) VALUES ('ITITIU21095', 21, '2004-10-01 00:00:00.000000', 'hang95@student.edu.vn', 'Dang', 0, '2024-09-21 00:00:00.000000', 'Hang', 'Thanh', '0946715088', 1);
INSERT INTO persons (person_id, age, birth_date, email, first_name, gender, join_date, last_name, middle_name, phone, role_role_id) VALUES ('ITITIU21096', 21, '2004-07-01 00:00:00.000000', 'khoa96@student.edu.vn', 'Bui', 0, '2025-05-01 00:00:00.000000', 'Khoa', 'Quoc', '0975061697', 3);
INSERT INTO persons (person_id, age, birth_date, email, first_name, gender, join_date, last_name, middle_name, phone, role_role_id) VALUES ('ITITIU21097', 21, '2004-01-11 00:00:00.000000', 'linh97@student.edu.vn', 'Do', 0, '2024-03-19 00:00:00.000000', 'Linh', 'Huu', '0915894846', 1);
INSERT INTO persons (person_id, age, birth_date, email, first_name, gender, join_date, last_name, middle_name, phone, role_role_id) VALUES ('ITITIU21098', 21, '2004-03-26 00:00:00.000000', 'nam98@student.edu.vn', 'Ngo', 1, '2025-01-26 00:00:00.000000', 'Nam', 'Hong', '0910016175', 1);
INSERT INTO persons (person_id, age, birth_date, email, first_name, gender, join_date, last_name, middle_name, phone, role_role_id) VALUES ('ITITIU21099', 21, '2004-06-07 00:00:00.000000', 'quyen99@student.edu.vn', 'Vo', 0, '2024-09-01 00:00:00.000000', 'Quyen', 'Khanh', '0965708686', 2);
INSERT INTO persons (person_id, age, birth_date, email, first_name, gender, join_date, last_name, middle_name, phone, role_role_id) VALUES ('ITITIU21100', 21, '2004-11-06 00:00:00.000000', 'an100@student.edu.vn', 'Nguyen', 1, '2024-11-24 00:00:00.000000', 'An', 'Van', '0925332828', 3);
INSERT INTO persons (person_id, age, birth_date, email, first_name, gender, join_date, last_name, middle_name, phone, role_role_id) VALUES ('ITITIU21101', 21, '2004-01-16 00:00:00.000000', 'binh101@student.edu.vn', 'Tran', 0, '2024-05-24 00:00:00.000000', 'Binh', 'Thi', '0953060416', 3);
INSERT INTO persons (person_id, age, birth_date, email, first_name, gender, join_date, last_name, middle_name, phone, role_role_id) VALUES ('ITITIU21102', 21, '2004-11-06 00:00:00.000000', 'chau102@student.edu.vn', 'Le', 1, '2024-11-28 00:00:00.000000', 'Chau', 'Duc', '0911793872', 3);
INSERT INTO persons (person_id, age, birth_date, email, first_name, gender, join_date, last_name, middle_name, phone, role_role_id) VALUES ('ITITIU21103', 21, '2004-01-09 00:00:00.000000', 'dung103@student.edu.vn', 'Pham', 0, '2024-12-17 00:00:00.000000', 'Dung', 'Minh', '0993043166', 3);
INSERT INTO persons (person_id, age, birth_date, email, first_name, gender, join_date, last_name, middle_name, phone, role_role_id) VALUES ('ITITIU21104', 21, '2004-10-23 00:00:00.000000', 'giang104@student.edu.vn', 'Hoang', 0, '2024-05-13 00:00:00.000000', 'Giang', 'Ngoc', '0917181379', 3);
INSERT INTO persons (person_id, age, birth_date, email, first_name, gender, join_date, last_name, middle_name, phone, role_role_id) VALUES ('ITITIU21105', 21, '2004-10-21 00:00:00.000000', 'hang105@student.edu.vn', 'Dang', 0, '2025-05-05 00:00:00.000000', 'Hang', 'Thanh', '0940268420', 1);
INSERT INTO persons (person_id, age, birth_date, email, first_name, gender, join_date, last_name, middle_name, phone, role_role_id) VALUES ('ITITIU21106', 21, '2004-12-04 00:00:00.000000', 'khoa106@student.edu.vn', 'Bui', 0, '2025-04-30 00:00:00.000000', 'Khoa', 'Quoc', '0977777229', 3);
INSERT INTO persons (person_id, age, birth_date, email, first_name, gender, join_date, last_name, middle_name, phone, role_role_id) VALUES ('ITITIU21107', 21, '2004-06-12 00:00:00.000000', 'linh107@student.edu.vn', 'Do', 0, '2025-03-31 00:00:00.000000', 'Linh', 'Huu', '0911048953', 1);
INSERT INTO persons (person_id, age, birth_date, email, first_name, gender, join_date, last_name, middle_name, phone, role_role_id) VALUES ('ITITIU21108', 21, '2004-06-05 00:00:00.000000', 'nam108@student.edu.vn', 'Ngo', 1, '2024-10-10 00:00:00.000000', 'Nam', 'Hong', '0964018393', 2);
INSERT INTO persons (person_id, age, birth_date, email, first_name, gender, join_date, last_name, middle_name, phone, role_role_id) VALUES ('ITITIU21109', 21, '2004-09-19 00:00:00.000000', 'quyen109@student.edu.vn', 'Vo', 0, '2025-01-30 00:00:00.000000', 'Quyen', 'Khanh', '0922076398', 2);
INSERT INTO persons (person_id, age, birth_date, email, first_name, gender, join_date, last_name, middle_name, phone, role_role_id) VALUES ('ITITIU21110', 21, '2004-12-13 00:00:00.000000', 'an110@student.edu.vn', 'Nguyen', 0, '2025-04-02 00:00:00.000000', 'An', 'Van', '0921441826', 3);
INSERT INTO persons (person_id, age, birth_date, email, first_name, gender, join_date, last_name, middle_name, phone, role_role_id) VALUES ('ITITIU21111', 21, '2004-11-02 00:00:00.000000', 'binh111@student.edu.vn', 'Tran', 1, '2024-04-04 00:00:00.000000', 'Binh', 'Thi', '0915155835', 2);
INSERT INTO persons (person_id, age, birth_date, email, first_name, gender, join_date, last_name, middle_name, phone, role_role_id) VALUES ('ITITIU21112', 21, '2004-03-02 00:00:00.000000', 'chau112@student.edu.vn', 'Le', 0, '2024-05-04 00:00:00.000000', 'Chau', 'Duc', '0972379545', 1);
INSERT INTO persons (person_id, age, birth_date, email, first_name, gender, join_date, last_name, middle_name, phone, role_role_id) VALUES ('ITITIU21113', 21, '2004-10-07 00:00:00.000000', 'dung113@student.edu.vn', 'Pham', 1, '2024-12-05 00:00:00.000000', 'Dung', 'Minh', '0935747463', 3);
INSERT INTO persons (person_id, age, birth_date, email, first_name, gender, join_date, last_name, middle_name, phone, role_role_id) VALUES ('ITITIU21114', 21, '2004-03-06 00:00:00.000000', 'giang114@student.edu.vn', 'Hoang', 1, '2024-09-13 00:00:00.000000', 'Giang', 'Ngoc', '0952799374', 1);
INSERT INTO persons (person_id, age, birth_date, email, first_name, gender, join_date, last_name, middle_name, phone, role_role_id) VALUES ('ITITIU21115', 21, '2004-03-23 00:00:00.000000', 'hang115@student.edu.vn', 'Dang', 0, '2025-04-25 00:00:00.000000', 'Hang', 'Thanh', '0994789283', 1);
INSERT INTO persons (person_id, age, birth_date, email, first_name, gender, join_date, last_name, middle_name, phone, role_role_id) VALUES ('ITITIU21116', 21, '2004-04-25 00:00:00.000000', 'khoa116@student.edu.vn', 'Bui', 0, '2025-01-06 00:00:00.000000', 'Khoa', 'Quoc', '0956308814', 3);
INSERT INTO persons (person_id, age, birth_date, email, first_name, gender, join_date, last_name, middle_name, phone, role_role_id) VALUES ('ITITIU21117', 21, '2004-09-17 00:00:00.000000', 'linh117@student.edu.vn', 'Do', 1, '2024-05-15 00:00:00.000000', 'Linh', 'Huu', '0974411354', 1);
INSERT INTO persons (person_id, age, birth_date, email, first_name, gender, join_date, last_name, middle_name, phone, role_role_id) VALUES ('ITITIU21118', 21, '2004-02-06 00:00:00.000000', 'nam118@student.edu.vn', 'Ngo', 0, '2024-07-26 00:00:00.000000', 'Nam', 'Hong', '0947195329', 2);
INSERT INTO persons (person_id, age, birth_date, email, first_name, gender, join_date, last_name, middle_name, phone, role_role_id) VALUES ('ITITIU21119', 21, '2004-03-16 00:00:00.000000', 'quyen119@student.edu.vn', 'Vo', 0, '2024-07-06 00:00:00.000000', 'Quyen', 'Khanh', '0974222311', 2);

-- Course_Person
INSERT INTO course_person (person_id, course_id) VALUES ('ITITIU21000', 'IT-101');
INSERT INTO course_person (person_id, course_id) VALUES ('ITITIU21000', 'IT-109');
INSERT INTO course_person (person_id, course_id) VALUES ('ITITIU21000', 'IT-108');
INSERT INTO course_person (person_id, course_id) VALUES ('ITITIU21001', 'IT-105');
INSERT INTO course_person (person_id, course_id) VALUES ('ITITIU21001', 'IT-110');
INSERT INTO course_person (person_id, course_id) VALUES ('ITITIU21001', 'IT-109');
INSERT INTO course_person (person_id, course_id) VALUES ('ITITIU21002', 'IT-108');
INSERT INTO course_person (person_id, course_id) VALUES ('ITITIU21002', 'IT-110');
INSERT INTO course_person (person_id, course_id) VALUES ('ITITIU21002', 'IT-101');
INSERT INTO course_person (person_id, course_id) VALUES ('ITITIU21003', 'IT-104');
INSERT INTO course_person (person_id, course_id) VALUES ('ITITIU21003', 'IT-101');
INSERT INTO course_person (person_id, course_id) VALUES ('ITITIU21003', 'IT-108');
INSERT INTO course_person (person_id, course_id) VALUES ('ITITIU21004', 'IT-104');
INSERT INTO course_person (person_id, course_id) VALUES ('ITITIU21004', 'IT-102');
INSERT INTO course_person (person_id, course_id) VALUES ('ITITIU21004', 'IT-103');
INSERT INTO course_person (person_id, course_id) VALUES ('ITITIU21005', 'IT-103');
INSERT INTO course_person (person_id, course_id) VALUES ('ITITIU21005', 'IT-105');
INSERT INTO course_person (person_id, course_id) VALUES ('ITITIU21005', 'IT-109');
INSERT INTO course_person (person_id, course_id) VALUES ('ITITIU21006', 'IT-107');
INSERT INTO course_person (person_id, course_id) VALUES ('ITITIU21006', 'IT-108');
INSERT INTO course_person (person_id, course_id) VALUES ('ITITIU21006', 'IT-102');
INSERT INTO course_person (person_id, course_id) VALUES ('ITITIU21007', 'IT-108');
INSERT INTO course_person (person_id, course_id) VALUES ('ITITIU21007', 'IT-109');
INSERT INTO course_person (person_id, course_id) VALUES ('ITITIU21007', 'IT-104');
INSERT INTO course_person (person_id, course_id) VALUES ('ITITIU21008', 'IT-104');
INSERT INTO course_person (person_id, course_id) VALUES ('ITITIU21008', 'IT-107');
INSERT INTO course_person (person_id, course_id) VALUES ('ITITIU21008', 'IT-101');
INSERT INTO course_person (person_id, course_id) VALUES ('ITITIU21009', 'IT-105');
INSERT INTO course_person (person_id, course_id) VALUES ('ITITIU21009', 'IT-104');
INSERT INTO course_person (person_id, course_id) VALUES ('ITITIU21009', 'IT-106');
INSERT INTO course_person (person_id, course_id) VALUES ('ITITIU21010', 'IT-108');
INSERT INTO course_person (person_id, course_id) VALUES ('ITITIU21010', 'IT-102');
INSERT INTO course_person (person_id, course_id) VALUES ('ITITIU21010', 'IT-103');
INSERT INTO course_person (person_id, course_id) VALUES ('ITITIU21011', 'IT-105');
INSERT INTO course_person (person_id, course_id) VALUES ('ITITIU21011', 'IT-108');
INSERT INTO course_person (person_id, course_id) VALUES ('ITITIU21011', 'IT-101');
INSERT INTO course_person (person_id, course_id) VALUES ('ITITIU21012', 'IT-101');
INSERT INTO course_person (person_id, course_id) VALUES ('ITITIU21012', 'IT-109');
INSERT INTO course_person (person_id, course_id) VALUES ('ITITIU21012', 'IT-107');
INSERT INTO course_person (person_id, course_id) VALUES ('ITITIU21013', 'IT-104');
INSERT INTO course_person (person_id, course_id) VALUES ('ITITIU21013', 'IT-103');
INSERT INTO course_person (person_id, course_id) VALUES ('ITITIU21013', 'IT-106');
INSERT INTO course_person (person_id, course_id) VALUES ('ITITIU21014', 'IT-110');
INSERT INTO course_person (person_id, course_id) VALUES ('ITITIU21014', 'IT-109');
INSERT INTO course_person (person_id, course_id) VALUES ('ITITIU21014', 'IT-107');
INSERT INTO course_person (person_id, course_id) VALUES ('ITITIU21015', 'IT-110');
INSERT INTO course_person (person_id, course_id) VALUES ('ITITIU21015', 'IT-108');
INSERT INTO course_person (person_id, course_id) VALUES ('ITITIU21015', 'IT-107');
INSERT INTO course_person (person_id, course_id) VALUES ('ITITIU21016', 'IT-104');
INSERT INTO course_person (person_id, course_id) VALUES ('ITITIU21016', 'IT-110');
INSERT INTO course_person (person_id, course_id) VALUES ('ITITIU21016', 'IT-109');
INSERT INTO course_person (person_id, course_id) VALUES ('ITITIU21017', 'IT-109');
INSERT INTO course_person (person_id, course_id) VALUES ('ITITIU21017', 'IT-101');
INSERT INTO course_person (person_id, course_id) VALUES ('ITITIU21017', 'IT-107');
INSERT INTO course_person (person_id, course_id) VALUES ('ITITIU21018', 'IT-108');
INSERT INTO course_person (person_id, course_id) VALUES ('ITITIU21018', 'IT-105');
INSERT INTO course_person (person_id, course_id) VALUES ('ITITIU21018', 'IT-109');
INSERT INTO course_person (person_id, course_id) VALUES ('ITITIU21019', 'IT-105');
INSERT INTO course_person (person_id, course_id) VALUES ('ITITIU21019', 'IT-106');
INSERT INTO course_person (person_id, course_id) VALUES ('ITITIU21019', 'IT-101');
INSERT INTO course_person (person_id, course_id) VALUES ('ITITIU21020', 'IT-107');
INSERT INTO course_person (person_id, course_id) VALUES ('ITITIU21020', 'IT-101');
INSERT INTO course_person (person_id, course_id) VALUES ('ITITIU21020', 'IT-106');
INSERT INTO course_person (person_id, course_id) VALUES ('ITITIU21021', 'IT-106');
INSERT INTO course_person (person_id, course_id) VALUES ('ITITIU21021', 'IT-108');
INSERT INTO course_person (person_id, course_id) VALUES ('ITITIU21021', 'IT-109');
INSERT INTO course_person (person_id, course_id) VALUES ('ITITIU21022', 'IT-107');
INSERT INTO course_person (person_id, course_id) VALUES ('ITITIU21022', 'IT-106');
INSERT INTO course_person (person_id, course_id) VALUES ('ITITIU21022', 'IT-103');
INSERT INTO course_person (person_id, course_id) VALUES ('ITITIU21023', 'IT-104');
INSERT INTO course_person (person_id, course_id) VALUES ('ITITIU21023', 'IT-109');
INSERT INTO course_person (person_id, course_id) VALUES ('ITITIU21023', 'IT-102');
INSERT INTO course_person (person_id, course_id) VALUES ('ITITIU21024', 'IT-102');
INSERT INTO course_person (person_id, course_id) VALUES ('ITITIU21024', 'IT-106');
INSERT INTO course_person (person_id, course_id) VALUES ('ITITIU21024', 'IT-104');
INSERT INTO course_person (person_id, course_id) VALUES ('ITITIU21025', 'IT-109');
INSERT INTO course_person (person_id, course_id) VALUES ('ITITIU21025', 'IT-107');
INSERT INTO course_person (person_id, course_id) VALUES ('ITITIU21025', 'IT-104');
INSERT INTO course_person (person_id, course_id) VALUES ('ITITIU21026', 'IT-105');
INSERT INTO course_person (person_id, course_id) VALUES ('ITITIU21026', 'IT-101');
INSERT INTO course_person (person_id, course_id) VALUES ('ITITIU21026', 'IT-103');
INSERT INTO course_person (person_id, course_id) VALUES ('ITITIU21027', 'IT-110');
INSERT INTO course_person (person_id, course_id) VALUES ('ITITIU21027', 'IT-108');
INSERT INTO course_person (person_id, course_id) VALUES ('ITITIU21027', 'IT-106');
INSERT INTO course_person (person_id, course_id) VALUES ('ITITIU21028', 'IT-107');
INSERT INTO course_person (person_id, course_id) VALUES ('ITITIU21028', 'IT-102');
INSERT INTO course_person (person_id, course_id) VALUES ('ITITIU21028', 'IT-106');
INSERT INTO course_person (person_id, course_id) VALUES ('ITITIU21029', 'IT-108');
INSERT INTO course_person (person_id, course_id) VALUES ('ITITIU21029', 'IT-110');
INSERT INTO course_person (person_id, course_id) VALUES ('ITITIU21029', 'IT-101');
INSERT INTO course_person (person_id, course_id) VALUES ('ITITIU21030', 'IT-108');
INSERT INTO course_person (person_id, course_id) VALUES ('ITITIU21030', 'IT-110');
INSERT INTO course_person (person_id, course_id) VALUES ('ITITIU21030', 'IT-106');
INSERT INTO course_person (person_id, course_id) VALUES ('ITITIU21031', 'IT-107');
INSERT INTO course_person (person_id, course_id) VALUES ('ITITIU21031', 'IT-104');
INSERT INTO course_person (person_id, course_id) VALUES ('ITITIU21031', 'IT-106');
INSERT INTO course_person (person_id, course_id) VALUES ('ITITIU21032', 'IT-109');
INSERT INTO course_person (person_id, course_id) VALUES ('ITITIU21032', 'IT-102');
INSERT INTO course_person (person_id, course_id) VALUES ('ITITIU21032', 'IT-103');
INSERT INTO course_person (person_id, course_id) VALUES ('ITITIU21033', 'IT-101');
INSERT INTO course_person (person_id, course_id) VALUES ('ITITIU21033', 'IT-104');
INSERT INTO course_person (person_id, course_id) VALUES ('ITITIU21033', 'IT-109');
INSERT INTO course_person (person_id, course_id) VALUES ('ITITIU21034', 'IT-102');
INSERT INTO course_person (person_id, course_id) VALUES ('ITITIU21034', 'IT-109');
INSERT INTO course_person (person_id, course_id) VALUES ('ITITIU21034', 'IT-103');
INSERT INTO course_person (person_id, course_id) VALUES ('ITITIU21035', 'IT-109');
INSERT INTO course_person (person_id, course_id) VALUES ('ITITIU21035', 'IT-101');
INSERT INTO course_person (person_id, course_id) VALUES ('ITITIU21035', 'IT-103');
INSERT INTO course_person (person_id, course_id) VALUES ('ITITIU21036', 'IT-103');
INSERT INTO course_person (person_id, course_id) VALUES ('ITITIU21036', 'IT-107');
INSERT INTO course_person (person_id, course_id) VALUES ('ITITIU21036', 'IT-102');
INSERT INTO course_person (person_id, course_id) VALUES ('ITITIU21037', 'IT-110');
INSERT INTO course_person (person_id, course_id) VALUES ('ITITIU21037', 'IT-104');
INSERT INTO course_person (person_id, course_id) VALUES ('ITITIU21037', 'IT-105');
INSERT INTO course_person (person_id, course_id) VALUES ('ITITIU21038', 'IT-101');
INSERT INTO course_person (person_id, course_id) VALUES ('ITITIU21038', 'IT-103');
INSERT INTO course_person (person_id, course_id) VALUES ('ITITIU21038', 'IT-107');
INSERT INTO course_person (person_id, course_id) VALUES ('ITITIU21039', 'IT-106');
INSERT INTO course_person (person_id, course_id) VALUES ('ITITIU21039', 'IT-110');
INSERT INTO course_person (person_id, course_id) VALUES ('ITITIU21039', 'IT-101');
INSERT INTO course_person (person_id, course_id) VALUES ('ITITIU21040', 'IT-108');
INSERT INTO course_person (person_id, course_id) VALUES ('ITITIU21040', 'IT-105');
INSERT INTO course_person (person_id, course_id) VALUES ('ITITIU21040', 'IT-110');
INSERT INTO course_person (person_id, course_id) VALUES ('ITITIU21041', 'IT-103');
INSERT INTO course_person (person_id, course_id) VALUES ('ITITIU21041', 'IT-102');
INSERT INTO course_person (person_id, course_id) VALUES ('ITITIU21041', 'IT-108');
INSERT INTO course_person (person_id, course_id) VALUES ('ITITIU21042', 'IT-107');
INSERT INTO course_person (person_id, course_id) VALUES ('ITITIU21042', 'IT-101');
INSERT INTO course_person (person_id, course_id) VALUES ('ITITIU21042', 'IT-109');
INSERT INTO course_person (person_id, course_id) VALUES ('ITITIU21043', 'IT-102');
INSERT INTO course_person (person_id, course_id) VALUES ('ITITIU21043', 'IT-107');
INSERT INTO course_person (person_id, course_id) VALUES ('ITITIU21043', 'IT-104');
INSERT INTO course_person (person_id, course_id) VALUES ('ITITIU21044', 'IT-108');
INSERT INTO course_person (person_id, course_id) VALUES ('ITITIU21044', 'IT-107');
INSERT INTO course_person (person_id, course_id) VALUES ('ITITIU21044', 'IT-104');
INSERT INTO course_person (person_id, course_id) VALUES ('ITITIU21045', 'IT-108');
INSERT INTO course_person (person_id, course_id) VALUES ('ITITIU21045', 'IT-102');
INSERT INTO course_person (person_id, course_id) VALUES ('ITITIU21045', 'IT-109');
INSERT INTO course_person (person_id, course_id) VALUES ('ITITIU21046', 'IT-101');
INSERT INTO course_person (person_id, course_id) VALUES ('ITITIU21046', 'IT-108');
INSERT INTO course_person (person_id, course_id) VALUES ('ITITIU21046', 'IT-106');
INSERT INTO course_person (person_id, course_id) VALUES ('ITITIU21047', 'IT-101');
INSERT INTO course_person (person_id, course_id) VALUES ('ITITIU21047', 'IT-105');
INSERT INTO course_person (person_id, course_id) VALUES ('ITITIU21047', 'IT-102');
INSERT INTO course_person (person_id, course_id) VALUES ('ITITIU21048', 'IT-104');
INSERT INTO course_person (person_id, course_id) VALUES ('ITITIU21048', 'IT-107');
INSERT INTO course_person (person_id, course_id) VALUES ('ITITIU21048', 'IT-106');
INSERT INTO course_person (person_id, course_id) VALUES ('ITITIU21049', 'IT-106');
INSERT INTO course_person (person_id, course_id) VALUES ('ITITIU21049', 'IT-110');
INSERT INTO course_person (person_id, course_id) VALUES ('ITITIU21049', 'IT-103');
INSERT INTO course_person (person_id, course_id) VALUES ('ITITIU21050', 'IT-102');
INSERT INTO course_person (person_id, course_id) VALUES ('ITITIU21050', 'IT-108');
INSERT INTO course_person (person_id, course_id) VALUES ('ITITIU21050', 'IT-103');
INSERT INTO course_person (person_id, course_id) VALUES ('ITITIU21051', 'IT-104');
INSERT INTO course_person (person_id, course_id) VALUES ('ITITIU21051', 'IT-101');
INSERT INTO course_person (person_id, course_id) VALUES ('ITITIU21051', 'IT-110');
INSERT INTO course_person (person_id, course_id) VALUES ('ITITIU21052', 'IT-110');
INSERT INTO course_person (person_id, course_id) VALUES ('ITITIU21052', 'IT-105');
INSERT INTO course_person (person_id, course_id) VALUES ('ITITIU21052', 'IT-109');
INSERT INTO course_person (person_id, course_id) VALUES ('ITITIU21053', 'IT-103');
INSERT INTO course_person (person_id, course_id) VALUES ('ITITIU21053', 'IT-109');
INSERT INTO course_person (person_id, course_id) VALUES ('ITITIU21053', 'IT-101');
INSERT INTO course_person (person_id, course_id) VALUES ('ITITIU21054', 'IT-101');
INSERT INTO course_person (person_id, course_id) VALUES ('ITITIU21054', 'IT-104');
INSERT INTO course_person (person_id, course_id) VALUES ('ITITIU21054', 'IT-108');
INSERT INTO course_person (person_id, course_id) VALUES ('ITITIU21055', 'IT-107');
INSERT INTO course_person (person_id, course_id) VALUES ('ITITIU21055', 'IT-104');
INSERT INTO course_person (person_id, course_id) VALUES ('ITITIU21055', 'IT-110');
INSERT INTO course_person (person_id, course_id) VALUES ('ITITIU21056', 'IT-102');
INSERT INTO course_person (person_id, course_id) VALUES ('ITITIU21056', 'IT-105');
INSERT INTO course_person (person_id, course_id) VALUES ('ITITIU21056', 'IT-106');
INSERT INTO course_person (person_id, course_id) VALUES ('ITITIU21057', 'IT-102');
INSERT INTO course_person (person_id, course_id) VALUES ('ITITIU21057', 'IT-108');
INSERT INTO course_person (person_id, course_id) VALUES ('ITITIU21057', 'IT-104');
INSERT INTO course_person (person_id, course_id) VALUES ('ITITIU21058', 'IT-105');
INSERT INTO course_person (person_id, course_id) VALUES ('ITITIU21058', 'IT-104');
INSERT INTO course_person (person_id, course_id) VALUES ('ITITIU21058', 'IT-110');
INSERT INTO course_person (person_id, course_id) VALUES ('ITITIU21059', 'IT-110');
INSERT INTO course_person (person_id, course_id) VALUES ('ITITIU21059', 'IT-105');
INSERT INTO course_person (person_id, course_id) VALUES ('ITITIU21059', 'IT-102');
INSERT INTO course_person (person_id, course_id) VALUES ('ITITIU21060', 'IT-105');
INSERT INTO course_person (person_id, course_id) VALUES ('ITITIU21060', 'IT-107');
INSERT INTO course_person (person_id, course_id) VALUES ('ITITIU21060', 'IT-103');
INSERT INTO course_person (person_id, course_id) VALUES ('ITITIU21061', 'IT-105');
INSERT INTO course_person (person_id, course_id) VALUES ('ITITIU21061', 'IT-109');
INSERT INTO course_person (person_id, course_id) VALUES ('ITITIU21061', 'IT-101');
INSERT INTO course_person (person_id, course_id) VALUES ('ITITIU21062', 'IT-107');
INSERT INTO course_person (person_id, course_id) VALUES ('ITITIU21062', 'IT-110');
INSERT INTO course_person (person_id, course_id) VALUES ('ITITIU21062', 'IT-109');
INSERT INTO course_person (person_id, course_id) VALUES ('ITITIU21063', 'IT-109');
INSERT INTO course_person (person_id, course_id) VALUES ('ITITIU21063', 'IT-108');
INSERT INTO course_person (person_id, course_id) VALUES ('ITITIU21063', 'IT-110');
INSERT INTO course_person (person_id, course_id) VALUES ('ITITIU21064', 'IT-102');
INSERT INTO course_person (person_id, course_id) VALUES ('ITITIU21064', 'IT-107');
INSERT INTO course_person (person_id, course_id) VALUES ('ITITIU21064', 'IT-106');
INSERT INTO course_person (person_id, course_id) VALUES ('ITITIU21065', 'IT-101');
INSERT INTO course_person (person_id, course_id) VALUES ('ITITIU21065', 'IT-108');
INSERT INTO course_person (person_id, course_id) VALUES ('ITITIU21065', 'IT-110');
INSERT INTO course_person (person_id, course_id) VALUES ('ITITIU21066', 'IT-107');
INSERT INTO course_person (person_id, course_id) VALUES ('ITITIU21066', 'IT-106');
INSERT INTO course_person (person_id, course_id) VALUES ('ITITIU21066', 'IT-101');
INSERT INTO course_person (person_id, course_id) VALUES ('ITITIU21067', 'IT-102');
INSERT INTO course_person (person_id, course_id) VALUES ('ITITIU21067', 'IT-103');
INSERT INTO course_person (person_id, course_id) VALUES ('ITITIU21067', 'IT-101');
INSERT INTO course_person (person_id, course_id) VALUES ('ITITIU21068', 'IT-101');
INSERT INTO course_person (person_id, course_id) VALUES ('ITITIU21068', 'IT-106');
INSERT INTO course_person (person_id, course_id) VALUES ('ITITIU21068', 'IT-103');
INSERT INTO course_person (person_id, course_id) VALUES ('ITITIU21069', 'IT-105');
INSERT INTO course_person (person_id, course_id) VALUES ('ITITIU21069', 'IT-101');
INSERT INTO course_person (person_id, course_id) VALUES ('ITITIU21069', 'IT-102');
INSERT INTO course_person (person_id, course_id) VALUES ('ITITIU21070', 'IT-109');
INSERT INTO course_person (person_id, course_id) VALUES ('ITITIU21070', 'IT-104');
INSERT INTO course_person (person_id, course_id) VALUES ('ITITIU21070', 'IT-108');
INSERT INTO course_person (person_id, course_id) VALUES ('ITITIU21071', 'IT-103');
INSERT INTO course_person (person_id, course_id) VALUES ('ITITIU21071', 'IT-110');
INSERT INTO course_person (person_id, course_id) VALUES ('ITITIU21071', 'IT-104');
INSERT INTO course_person (person_id, course_id) VALUES ('ITITIU21072', 'IT-102');
INSERT INTO course_person (person_id, course_id) VALUES ('ITITIU21072', 'IT-110');
INSERT INTO course_person (person_id, course_id) VALUES ('ITITIU21072', 'IT-109');
INSERT INTO course_person (person_id, course_id) VALUES ('ITITIU21073', 'IT-101');
INSERT INTO course_person (person_id, course_id) VALUES ('ITITIU21073', 'IT-110');
INSERT INTO course_person (person_id, course_id) VALUES ('ITITIU21073', 'IT-107');
INSERT INTO course_person (person_id, course_id) VALUES ('ITITIU21074', 'IT-108');
INSERT INTO course_person (person_id, course_id) VALUES ('ITITIU21074', 'IT-101');
INSERT INTO course_person (person_id, course_id) VALUES ('ITITIU21074', 'IT-110');
INSERT INTO course_person (person_id, course_id) VALUES ('ITITIU21075', 'IT-110');
INSERT INTO course_person (person_id, course_id) VALUES ('ITITIU21075', 'IT-109');
INSERT INTO course_person (person_id, course_id) VALUES ('ITITIU21075', 'IT-105');
INSERT INTO course_person (person_id, course_id) VALUES ('ITITIU21076', 'IT-104');
INSERT INTO course_person (person_id, course_id) VALUES ('ITITIU21076', 'IT-110');
INSERT INTO course_person (person_id, course_id) VALUES ('ITITIU21076', 'IT-107');
INSERT INTO course_person (person_id, course_id) VALUES ('ITITIU21077', 'IT-109');
INSERT INTO course_person (person_id, course_id) VALUES ('ITITIU21077', 'IT-107');
INSERT INTO course_person (person_id, course_id) VALUES ('ITITIU21077', 'IT-104');
INSERT INTO course_person (person_id, course_id) VALUES ('ITITIU21078', 'IT-101');
INSERT INTO course_person (person_id, course_id) VALUES ('ITITIU21078', 'IT-108');
INSERT INTO course_person (person_id, course_id) VALUES ('ITITIU21078', 'IT-104');
INSERT INTO course_person (person_id, course_id) VALUES ('ITITIU21079', 'IT-104');
INSERT INTO course_person (person_id, course_id) VALUES ('ITITIU21079', 'IT-101');
INSERT INTO course_person (person_id, course_id) VALUES ('ITITIU21079', 'IT-103');
INSERT INTO course_person (person_id, course_id) VALUES ('ITITIU21080', 'IT-104');
INSERT INTO course_person (person_id, course_id) VALUES ('ITITIU21080', 'IT-101');
INSERT INTO course_person (person_id, course_id) VALUES ('ITITIU21080', 'IT-103');
INSERT INTO course_person (person_id, course_id) VALUES ('ITITIU21081', 'IT-104');
INSERT INTO course_person (person_id, course_id) VALUES ('ITITIU21081', 'IT-106');
INSERT INTO course_person (person_id, course_id) VALUES ('ITITIU21081', 'IT-103');
INSERT INTO course_person (person_id, course_id) VALUES ('ITITIU21082', 'IT-105');
INSERT INTO course_person (person_id, course_id) VALUES ('ITITIU21082', 'IT-106');
INSERT INTO course_person (person_id, course_id) VALUES ('ITITIU21082', 'IT-103');
INSERT INTO course_person (person_id, course_id) VALUES ('ITITIU21083', 'IT-109');
INSERT INTO course_person (person_id, course_id) VALUES ('ITITIU21083', 'IT-105');
INSERT INTO course_person (person_id, course_id) VALUES ('ITITIU21083', 'IT-106');
INSERT INTO course_person (person_id, course_id) VALUES ('ITITIU21084', 'IT-109');
INSERT INTO course_person (person_id, course_id) VALUES ('ITITIU21084', 'IT-104');
INSERT INTO course_person (person_id, course_id) VALUES ('ITITIU21084', 'IT-108');
INSERT INTO course_person (person_id, course_id) VALUES ('ITITIU21085', 'IT-106');
INSERT INTO course_person (person_id, course_id) VALUES ('ITITIU21085', 'IT-108');
INSERT INTO course_person (person_id, course_id) VALUES ('ITITIU21085', 'IT-103');
INSERT INTO course_person (person_id, course_id) VALUES ('ITITIU21086', 'IT-103');
INSERT INTO course_person (person_id, course_id) VALUES ('ITITIU21086', 'IT-107');
INSERT INTO course_person (person_id, course_id) VALUES ('ITITIU21086', 'IT-110');
INSERT INTO course_person (person_id, course_id) VALUES ('ITITIU21087', 'IT-102');
INSERT INTO course_person (person_id, course_id) VALUES ('ITITIU21087', 'IT-108');
INSERT INTO course_person (person_id, course_id) VALUES ('ITITIU21087', 'IT-109');
INSERT INTO course_person (person_id, course_id) VALUES ('ITITIU21088', 'IT-103');
INSERT INTO course_person (person_id, course_id) VALUES ('ITITIU21088', 'IT-109');
INSERT INTO course_person (person_id, course_id) VALUES ('ITITIU21088', 'IT-106');
INSERT INTO course_person (person_id, course_id) VALUES ('ITITIU21089', 'IT-108');
INSERT INTO course_person (person_id, course_id) VALUES ('ITITIU21089', 'IT-103');
INSERT INTO course_person (person_id, course_id) VALUES ('ITITIU21089', 'IT-106');
INSERT INTO course_person (person_id, course_id) VALUES ('ITITIU21090', 'IT-107');
INSERT INTO course_person (person_id, course_id) VALUES ('ITITIU21090', 'IT-110');
INSERT INTO course_person (person_id, course_id) VALUES ('ITITIU21090', 'IT-101');
INSERT INTO course_person (person_id, course_id) VALUES ('ITITIU21091', 'IT-103');
INSERT INTO course_person (person_id, course_id) VALUES ('ITITIU21091', 'IT-104');
INSERT INTO course_person (person_id, course_id) VALUES ('ITITIU21091', 'IT-109');
INSERT INTO course_person (person_id, course_id) VALUES ('ITITIU21092', 'IT-108');
INSERT INTO course_person (person_id, course_id) VALUES ('ITITIU21092', 'IT-103');
INSERT INTO course_person (person_id, course_id) VALUES ('ITITIU21092', 'IT-107');
INSERT INTO course_person (person_id, course_id) VALUES ('ITITIU21093', 'IT-105');
INSERT INTO course_person (person_id, course_id) VALUES ('ITITIU21093', 'IT-106');
INSERT INTO course_person (person_id, course_id) VALUES ('ITITIU21093', 'IT-109');
INSERT INTO course_person (person_id, course_id) VALUES ('ITITIU21094', 'IT-106');
INSERT INTO course_person (person_id, course_id) VALUES ('ITITIU21094', 'IT-103');
INSERT INTO course_person (person_id, course_id) VALUES ('ITITIU21094', 'IT-102');
INSERT INTO course_person (person_id, course_id) VALUES ('ITITIU21095', 'IT-101');
INSERT INTO course_person (person_id, course_id) VALUES ('ITITIU21095', 'IT-106');
INSERT INTO course_person (person_id, course_id) VALUES ('ITITIU21095', 'IT-105');
INSERT INTO course_person (person_id, course_id) VALUES ('ITITIU21096', 'IT-102');
INSERT INTO course_person (person_id, course_id) VALUES ('ITITIU21096', 'IT-108');
INSERT INTO course_person (person_id, course_id) VALUES ('ITITIU21096', 'IT-109');
INSERT INTO course_person (person_id, course_id) VALUES ('ITITIU21097', 'IT-109');
INSERT INTO course_person (person_id, course_id) VALUES ('ITITIU21097', 'IT-107');
INSERT INTO course_person (person_id, course_id) VALUES ('ITITIU21097', 'IT-103');
INSERT INTO course_person (person_id, course_id) VALUES ('ITITIU21098', 'IT-110');
INSERT INTO course_person (person_id, course_id) VALUES ('ITITIU21098', 'IT-102');
INSERT INTO course_person (person_id, course_id) VALUES ('ITITIU21098', 'IT-101');
INSERT INTO course_person (person_id, course_id) VALUES ('ITITIU21099', 'IT-110');
INSERT INTO course_person (person_id, course_id) VALUES ('ITITIU21099', 'IT-109');
INSERT INTO course_person (person_id, course_id) VALUES ('ITITIU21099', 'IT-103');
INSERT INTO course_person (person_id, course_id) VALUES ('ITITIU21100', 'IT-103');
INSERT INTO course_person (person_id, course_id) VALUES ('ITITIU21100', 'IT-108');
INSERT INTO course_person (person_id, course_id) VALUES ('ITITIU21100', 'IT-101');
INSERT INTO course_person (person_id, course_id) VALUES ('ITITIU21101', 'IT-104');
INSERT INTO course_person (person_id, course_id) VALUES ('ITITIU21101', 'IT-109');
INSERT INTO course_person (person_id, course_id) VALUES ('ITITIU21101', 'IT-108');
INSERT INTO course_person (person_id, course_id) VALUES ('ITITIU21102', 'IT-102');
INSERT INTO course_person (person_id, course_id) VALUES ('ITITIU21102', 'IT-110');
INSERT INTO course_person (person_id, course_id) VALUES ('ITITIU21102', 'IT-105');
INSERT INTO course_person (person_id, course_id) VALUES ('ITITIU21103', 'IT-104');
INSERT INTO course_person (person_id, course_id) VALUES ('ITITIU21103', 'IT-108');
INSERT INTO course_person (person_id, course_id) VALUES ('ITITIU21103', 'IT-107');
INSERT INTO course_person (person_id, course_id) VALUES ('ITITIU21104', 'IT-109');
INSERT INTO course_person (person_id, course_id) VALUES ('ITITIU21104', 'IT-107');
INSERT INTO course_person (person_id, course_id) VALUES ('ITITIU21104', 'IT-102');
INSERT INTO course_person (person_id, course_id) VALUES ('ITITIU21105', 'IT-102');
INSERT INTO course_person (person_id, course_id) VALUES ('ITITIU21105', 'IT-106');
INSERT INTO course_person (person_id, course_id) VALUES ('ITITIU21105', 'IT-109');
INSERT INTO course_person (person_id, course_id) VALUES ('ITITIU21106', 'IT-106');
INSERT INTO course_person (person_id, course_id) VALUES ('ITITIU21106', 'IT-103');
INSERT INTO course_person (person_id, course_id) VALUES ('ITITIU21106', 'IT-107');
INSERT INTO course_person (person_id, course_id) VALUES ('ITITIU21107', 'IT-110');
INSERT INTO course_person (person_id, course_id) VALUES ('ITITIU21107', 'IT-102');
INSERT INTO course_person (person_id, course_id) VALUES ('ITITIU21107', 'IT-109');
INSERT INTO course_person (person_id, course_id) VALUES ('ITITIU21108', 'IT-102');
INSERT INTO course_person (person_id, course_id) VALUES ('ITITIU21108', 'IT-107');
INSERT INTO course_person (person_id, course_id) VALUES ('ITITIU21108', 'IT-104');
INSERT INTO course_person (person_id, course_id) VALUES ('ITITIU21109', 'IT-109');
INSERT INTO course_person (person_id, course_id) VALUES ('ITITIU21109', 'IT-103');
INSERT INTO course_person (person_id, course_id) VALUES ('ITITIU21109', 'IT-105');
INSERT INTO course_person (person_id, course_id) VALUES ('ITITIU21110', 'IT-101');
INSERT INTO course_person (person_id, course_id) VALUES ('ITITIU21110', 'IT-103');
INSERT INTO course_person (person_id, course_id) VALUES ('ITITIU21110', 'IT-106');
INSERT INTO course_person (person_id, course_id) VALUES ('ITITIU21111', 'IT-110');
INSERT INTO course_person (person_id, course_id) VALUES ('ITITIU21111', 'IT-109');
INSERT INTO course_person (person_id, course_id) VALUES ('ITITIU21111', 'IT-107');
INSERT INTO course_person (person_id, course_id) VALUES ('ITITIU21112', 'IT-104');
INSERT INTO course_person (person_id, course_id) VALUES ('ITITIU21112', 'IT-110');
INSERT INTO course_person (person_id, course_id) VALUES ('ITITIU21112', 'IT-107');
INSERT INTO course_person (person_id, course_id) VALUES ('ITITIU21113', 'IT-106');
INSERT INTO course_person (person_id, course_id) VALUES ('ITITIU21113', 'IT-105');
INSERT INTO course_person (person_id, course_id) VALUES ('ITITIU21113', 'IT-109');
INSERT INTO course_person (person_id, course_id) VALUES ('ITITIU21114', 'IT-105');
INSERT INTO course_person (person_id, course_id) VALUES ('ITITIU21114', 'IT-104');
INSERT INTO course_person (person_id, course_id) VALUES ('ITITIU21114', 'IT-110');
INSERT INTO course_person (person_id, course_id) VALUES ('ITITIU21115', 'IT-104');
INSERT INTO course_person (person_id, course_id) VALUES ('ITITIU21115', 'IT-103');
INSERT INTO course_person (person_id, course_id) VALUES ('ITITIU21115', 'IT-107');
INSERT INTO course_person (person_id, course_id) VALUES ('ITITIU21116', 'IT-106');
INSERT INTO course_person (person_id, course_id) VALUES ('ITITIU21116', 'IT-108');
INSERT INTO course_person (person_id, course_id) VALUES ('ITITIU21116', 'IT-103');
INSERT INTO course_person (person_id, course_id) VALUES ('ITITIU21117', 'IT-101');
INSERT INTO course_person (person_id, course_id) VALUES ('ITITIU21117', 'IT-110');
INSERT INTO course_person (person_id, course_id) VALUES ('ITITIU21117', 'IT-106');
INSERT INTO course_person (person_id, course_id) VALUES ('ITITIU21118', 'IT-110');
INSERT INTO course_person (person_id, course_id) VALUES ('ITITIU21118', 'IT-108');
INSERT INTO course_person (person_id, course_id) VALUES ('ITITIU21118', 'IT-105');
INSERT INTO course_person (person_id, course_id) VALUES ('ITITIU21119', 'IT-106');
INSERT INTO course_person (person_id, course_id) VALUES ('ITITIU21119', 'IT-107');
INSERT INTO course_person (person_id, course_id) VALUES ('ITITIU21119', 'IT-110');

-- Course_Room
INSERT INTO course_room (room_id, course_id) VALUES ('107', 'IT-101');
INSERT INTO course_room (room_id, course_id) VALUES ('104', 'IT-101');
INSERT INTO course_room (room_id, course_id) VALUES ('105', 'IT-102');
INSERT INTO course_room (room_id, course_id) VALUES ('108', 'IT-102');
INSERT INTO course_room (room_id, course_id) VALUES ('100', 'IT-103');
INSERT INTO course_room (room_id, course_id) VALUES ('107', 'IT-103');
INSERT INTO course_room (room_id, course_id) VALUES ('102', 'IT-104');
INSERT INTO course_room (room_id, course_id) VALUES ('100', 'IT-104');
INSERT INTO course_room (room_id, course_id) VALUES ('109', 'IT-105');
INSERT INTO course_room (room_id, course_id) VALUES ('102', 'IT-105');
INSERT INTO course_room (room_id, course_id) VALUES ('100', 'IT-106');
INSERT INTO course_room (room_id, course_id) VALUES ('106', 'IT-106');
INSERT INTO course_room (room_id, course_id) VALUES ('109', 'IT-107');
INSERT INTO course_room (room_id, course_id) VALUES ('107', 'IT-107');
INSERT INTO course_room (room_id, course_id) VALUES ('104', 'IT-108');
INSERT INTO course_room (room_id, course_id) VALUES ('105', 'IT-108');
INSERT INTO course_room (room_id, course_id) VALUES ('109', 'IT-109');
INSERT INTO course_room (room_id, course_id) VALUES ('105', 'IT-109');
INSERT INTO course_room (room_id, course_id) VALUES ('109', 'IT-110');
INSERT INTO course_room (room_id, course_id) VALUES ('108', 'IT-110');

-- Person_Room_Attend
INSERT INTO person_room_attend (room_id, person_id) VALUES ('102', 'ITITIU21000');
INSERT INTO person_room_attend (room_id, person_id) VALUES ('103', 'ITITIU21000');
INSERT INTO person_room_attend (room_id, person_id) VALUES ('102', 'ITITIU21001');
INSERT INTO person_room_attend (room_id, person_id) VALUES ('100', 'ITITIU21001');
INSERT INTO person_room_attend (room_id, person_id) VALUES ('108', 'ITITIU21002');
INSERT INTO person_room_attend (room_id, person_id) VALUES ('103', 'ITITIU21002');
INSERT INTO person_room_attend (room_id, person_id) VALUES ('109', 'ITITIU21003');
INSERT INTO person_room_attend (room_id, person_id) VALUES ('102', 'ITITIU21003');
INSERT INTO person_room_attend (room_id, person_id) VALUES ('102', 'ITITIU21004');
INSERT INTO person_room_attend (room_id, person_id) VALUES ('101', 'ITITIU21004');
INSERT INTO person_room_attend (room_id, person_id) VALUES ('100', 'ITITIU21005');
INSERT INTO person_room_attend (room_id, person_id) VALUES ('105', 'ITITIU21005');
INSERT INTO person_room_attend (room_id, person_id) VALUES ('106', 'ITITIU21006');
INSERT INTO person_room_attend (room_id, person_id) VALUES ('102', 'ITITIU21006');
INSERT INTO person_room_attend (room_id, person_id) VALUES ('106', 'ITITIU21007');
INSERT INTO person_room_attend (room_id, person_id) VALUES ('107', 'ITITIU21007');
INSERT INTO person_room_attend (room_id, person_id) VALUES ('102', 'ITITIU21008');
INSERT INTO person_room_attend (room_id, person_id) VALUES ('107', 'ITITIU21008');
INSERT INTO person_room_attend (room_id, person_id) VALUES ('104', 'ITITIU21009');
INSERT INTO person_room_attend (room_id, person_id) VALUES ('101', 'ITITIU21009');
INSERT INTO person_room_attend (room_id, person_id) VALUES ('102', 'ITITIU21010');
INSERT INTO person_room_attend (room_id, person_id) VALUES ('100', 'ITITIU21010');
INSERT INTO person_room_attend (room_id, person_id) VALUES ('101', 'ITITIU21011');
INSERT INTO person_room_attend (room_id, person_id) VALUES ('106', 'ITITIU21011');
INSERT INTO person_room_attend (room_id, person_id) VALUES ('100', 'ITITIU21012');
INSERT INTO person_room_attend (room_id, person_id) VALUES ('104', 'ITITIU21012');
INSERT INTO person_room_attend (room_id, person_id) VALUES ('109', 'ITITIU21013');
INSERT INTO person_room_attend (room_id, person_id) VALUES ('104', 'ITITIU21013');
INSERT INTO person_room_attend (room_id, person_id) VALUES ('107', 'ITITIU21014');
INSERT INTO person_room_attend (room_id, person_id) VALUES ('106', 'ITITIU21014');
INSERT INTO person_room_attend (room_id, person_id) VALUES ('102', 'ITITIU21015');
INSERT INTO person_room_attend (room_id, person_id) VALUES ('107', 'ITITIU21015');
INSERT INTO person_room_attend (room_id, person_id) VALUES ('104', 'ITITIU21016');
INSERT INTO person_room_attend (room_id, person_id) VALUES ('106', 'ITITIU21016');
INSERT INTO person_room_attend (room_id, person_id) VALUES ('109', 'ITITIU21017');
INSERT INTO person_room_attend (room_id, person_id) VALUES ('100', 'ITITIU21017');
INSERT INTO person_room_attend (room_id, person_id) VALUES ('108', 'ITITIU21018');
INSERT INTO person_room_attend (room_id, person_id) VALUES ('109', 'ITITIU21018');
INSERT INTO person_room_attend (room_id, person_id) VALUES ('106', 'ITITIU21019');
INSERT INTO person_room_attend (room_id, person_id) VALUES ('109', 'ITITIU21019');
INSERT INTO person_room_attend (room_id, person_id) VALUES ('103', 'ITITIU21020');
INSERT INTO person_room_attend (room_id, person_id) VALUES ('107', 'ITITIU21020');
INSERT INTO person_room_attend (room_id, person_id) VALUES ('102', 'ITITIU21021');
INSERT INTO person_room_attend (room_id, person_id) VALUES ('108', 'ITITIU21021');
INSERT INTO person_room_attend (room_id, person_id) VALUES ('106', 'ITITIU21022');
INSERT INTO person_room_attend (room_id, person_id) VALUES ('101', 'ITITIU21022');
INSERT INTO person_room_attend (room_id, person_id) VALUES ('108', 'ITITIU21023');
INSERT INTO person_room_attend (room_id, person_id) VALUES ('103', 'ITITIU21023');
INSERT INTO person_room_attend (room_id, person_id) VALUES ('102', 'ITITIU21024');
INSERT INTO person_room_attend (room_id, person_id) VALUES ('101', 'ITITIU21024');
INSERT INTO person_room_attend (room_id, person_id) VALUES ('105', 'ITITIU21025');
INSERT INTO person_room_attend (room_id, person_id) VALUES ('104', 'ITITIU21025');
INSERT INTO person_room_attend (room_id, person_id) VALUES ('103', 'ITITIU21026');
INSERT INTO person_room_attend (room_id, person_id) VALUES ('109', 'ITITIU21026');
INSERT INTO person_room_attend (room_id, person_id) VALUES ('109', 'ITITIU21027');
INSERT INTO person_room_attend (room_id, person_id) VALUES ('103', 'ITITIU21027');
INSERT INTO person_room_attend (room_id, person_id) VALUES ('102', 'ITITIU21028');
INSERT INTO person_room_attend (room_id, person_id) VALUES ('107', 'ITITIU21028');
INSERT INTO person_room_attend (room_id, person_id) VALUES ('104', 'ITITIU21029');
INSERT INTO person_room_attend (room_id, person_id) VALUES ('105', 'ITITIU21029');
INSERT INTO person_room_attend (room_id, person_id) VALUES ('108', 'ITITIU21030');
INSERT INTO person_room_attend (room_id, person_id) VALUES ('103', 'ITITIU21030');
INSERT INTO person_room_attend (room_id, person_id) VALUES ('104', 'ITITIU21031');
INSERT INTO person_room_attend (room_id, person_id) VALUES ('100', 'ITITIU21031');
INSERT INTO person_room_attend (room_id, person_id) VALUES ('108', 'ITITIU21032');
INSERT INTO person_room_attend (room_id, person_id) VALUES ('104', 'ITITIU21032');
INSERT INTO person_room_attend (room_id, person_id) VALUES ('105', 'ITITIU21033');
INSERT INTO person_room_attend (room_id, person_id) VALUES ('104', 'ITITIU21033');
INSERT INTO person_room_attend (room_id, person_id) VALUES ('109', 'ITITIU21034');
INSERT INTO person_room_attend (room_id, person_id) VALUES ('107', 'ITITIU21034');
INSERT INTO person_room_attend (room_id, person_id) VALUES ('106', 'ITITIU21035');
INSERT INTO person_room_attend (room_id, person_id) VALUES ('102', 'ITITIU21035');
INSERT INTO person_room_attend (room_id, person_id) VALUES ('103', 'ITITIU21036');
INSERT INTO person_room_attend (room_id, person_id) VALUES ('101', 'ITITIU21036');
INSERT INTO person_room_attend (room_id, person_id) VALUES ('106', 'ITITIU21037');
INSERT INTO person_room_attend (room_id, person_id) VALUES ('107', 'ITITIU21037');
INSERT INTO person_room_attend (room_id, person_id) VALUES ('106', 'ITITIU21038');
INSERT INTO person_room_attend (room_id, person_id) VALUES ('109', 'ITITIU21038');
INSERT INTO person_room_attend (room_id, person_id) VALUES ('104', 'ITITIU21039');
INSERT INTO person_room_attend (room_id, person_id) VALUES ('101', 'ITITIU21039');
INSERT INTO person_room_attend (room_id, person_id) VALUES ('107', 'ITITIU21040');
INSERT INTO person_room_attend (room_id, person_id) VALUES ('109', 'ITITIU21040');
INSERT INTO person_room_attend (room_id, person_id) VALUES ('101', 'ITITIU21041');
INSERT INTO person_room_attend (room_id, person_id) VALUES ('102', 'ITITIU21041');
INSERT INTO person_room_attend (room_id, person_id) VALUES ('101', 'ITITIU21042');
INSERT INTO person_room_attend (room_id, person_id) VALUES ('103', 'ITITIU21042');
INSERT INTO person_room_attend (room_id, person_id) VALUES ('101', 'ITITIU21043');
INSERT INTO person_room_attend (room_id, person_id) VALUES ('109', 'ITITIU21043');
INSERT INTO person_room_attend (room_id, person_id) VALUES ('101', 'ITITIU21044');
INSERT INTO person_room_attend (room_id, person_id) VALUES ('103', 'ITITIU21044');
INSERT INTO person_room_attend (room_id, person_id) VALUES ('101', 'ITITIU21045');
INSERT INTO person_room_attend (room_id, person_id) VALUES ('106', 'ITITIU21045');
INSERT INTO person_room_attend (room_id, person_id) VALUES ('100', 'ITITIU21046');
INSERT INTO person_room_attend (room_id, person_id) VALUES ('107', 'ITITIU21046');
INSERT INTO person_room_attend (room_id, person_id) VALUES ('105', 'ITITIU21047');
INSERT INTO person_room_attend (room_id, person_id) VALUES ('103', 'ITITIU21047');
INSERT INTO person_room_attend (room_id, person_id) VALUES ('100', 'ITITIU21048');
INSERT INTO person_room_attend (room_id, person_id) VALUES ('101', 'ITITIU21048');
INSERT INTO person_room_attend (room_id, person_id) VALUES ('103', 'ITITIU21049');
INSERT INTO person_room_attend (room_id, person_id) VALUES ('105', 'ITITIU21049');
INSERT INTO person_room_attend (room_id, person_id) VALUES ('100', 'ITITIU21050');
INSERT INTO person_room_attend (room_id, person_id) VALUES ('105', 'ITITIU21050');
INSERT INTO person_room_attend (room_id, person_id) VALUES ('103', 'ITITIU21051');
INSERT INTO person_room_attend (room_id, person_id) VALUES ('107', 'ITITIU21051');
INSERT INTO person_room_attend (room_id, person_id) VALUES ('108', 'ITITIU21052');
INSERT INTO person_room_attend (room_id, person_id) VALUES ('107', 'ITITIU21052');
INSERT INTO person_room_attend (room_id, person_id) VALUES ('100', 'ITITIU21053');
INSERT INTO person_room_attend (room_id, person_id) VALUES ('103', 'ITITIU21053');
INSERT INTO person_room_attend (room_id, person_id) VALUES ('109', 'ITITIU21054');
INSERT INTO person_room_attend (room_id, person_id) VALUES ('108', 'ITITIU21054');
INSERT INTO person_room_attend (room_id, person_id) VALUES ('106', 'ITITIU21055');
INSERT INTO person_room_attend (room_id, person_id) VALUES ('109', 'ITITIU21055');
INSERT INTO person_room_attend (room_id, person_id) VALUES ('107', 'ITITIU21056');
INSERT INTO person_room_attend (room_id, person_id) VALUES ('101', 'ITITIU21056');
INSERT INTO person_room_attend (room_id, person_id) VALUES ('101', 'ITITIU21057');
INSERT INTO person_room_attend (room_id, person_id) VALUES ('105', 'ITITIU21057');
INSERT INTO person_room_attend (room_id, person_id) VALUES ('101', 'ITITIU21058');
INSERT INTO person_room_attend (room_id, person_id) VALUES ('102', 'ITITIU21058');
INSERT INTO person_room_attend (room_id, person_id) VALUES ('105', 'ITITIU21059');
INSERT INTO person_room_attend (room_id, person_id) VALUES ('102', 'ITITIU21059');
INSERT INTO person_room_attend (room_id, person_id) VALUES ('106', 'ITITIU21060');
INSERT INTO person_room_attend (room_id, person_id) VALUES ('105', 'ITITIU21060');
INSERT INTO person_room_attend (room_id, person_id) VALUES ('103', 'ITITIU21061');
INSERT INTO person_room_attend (room_id, person_id) VALUES ('106', 'ITITIU21061');
INSERT INTO person_room_attend (room_id, person_id) VALUES ('103', 'ITITIU21062');
INSERT INTO person_room_attend (room_id, person_id) VALUES ('105', 'ITITIU21062');
INSERT INTO person_room_attend (room_id, person_id) VALUES ('106', 'ITITIU21063');
INSERT INTO person_room_attend (room_id, person_id) VALUES ('105', 'ITITIU21063');
INSERT INTO person_room_attend (room_id, person_id) VALUES ('103', 'ITITIU21064');
INSERT INTO person_room_attend (room_id, person_id) VALUES ('105', 'ITITIU21064');
INSERT INTO person_room_attend (room_id, person_id) VALUES ('102', 'ITITIU21065');
INSERT INTO person_room_attend (room_id, person_id) VALUES ('103', 'ITITIU21065');
INSERT INTO person_room_attend (room_id, person_id) VALUES ('102', 'ITITIU21066');
INSERT INTO person_room_attend (room_id, person_id) VALUES ('101', 'ITITIU21066');
INSERT INTO person_room_attend (room_id, person_id) VALUES ('108', 'ITITIU21067');
INSERT INTO person_room_attend (room_id, person_id) VALUES ('103', 'ITITIU21067');
INSERT INTO person_room_attend (room_id, person_id) VALUES ('104', 'ITITIU21068');
INSERT INTO person_room_attend (room_id, person_id) VALUES ('106', 'ITITIU21068');
INSERT INTO person_room_attend (room_id, person_id) VALUES ('107', 'ITITIU21069');
INSERT INTO person_room_attend (room_id, person_id) VALUES ('102', 'ITITIU21069');
INSERT INTO person_room_attend (room_id, person_id) VALUES ('102', 'ITITIU21070');
INSERT INTO person_room_attend (room_id, person_id) VALUES ('101', 'ITITIU21070');
INSERT INTO person_room_attend (room_id, person_id) VALUES ('102', 'ITITIU21071');
INSERT INTO person_room_attend (room_id, person_id) VALUES ('101', 'ITITIU21071');
INSERT INTO person_room_attend (room_id, person_id) VALUES ('102', 'ITITIU21072');
INSERT INTO person_room_attend (room_id, person_id) VALUES ('108', 'ITITIU21072');
INSERT INTO person_room_attend (room_id, person_id) VALUES ('103', 'ITITIU21073');
INSERT INTO person_room_attend (room_id, person_id) VALUES ('107', 'ITITIU21073');
INSERT INTO person_room_attend (room_id, person_id) VALUES ('107', 'ITITIU21074');
INSERT INTO person_room_attend (room_id, person_id) VALUES ('103', 'ITITIU21074');
INSERT INTO person_room_attend (room_id, person_id) VALUES ('100', 'ITITIU21075');
INSERT INTO person_room_attend (room_id, person_id) VALUES ('107', 'ITITIU21075');
INSERT INTO person_room_attend (room_id, person_id) VALUES ('100', 'ITITIU21076');
INSERT INTO person_room_attend (room_id, person_id) VALUES ('101', 'ITITIU21076');
INSERT INTO person_room_attend (room_id, person_id) VALUES ('106', 'ITITIU21077');
INSERT INTO person_room_attend (room_id, person_id) VALUES ('107', 'ITITIU21077');
INSERT INTO person_room_attend (room_id, person_id) VALUES ('102', 'ITITIU21078');
INSERT INTO person_room_attend (room_id, person_id) VALUES ('106', 'ITITIU21078');
INSERT INTO person_room_attend (room_id, person_id) VALUES ('107', 'ITITIU21079');
INSERT INTO person_room_attend (room_id, person_id) VALUES ('103', 'ITITIU21079');
INSERT INTO person_room_attend (room_id, person_id) VALUES ('107', 'ITITIU21080');
INSERT INTO person_room_attend (room_id, person_id) VALUES ('104', 'ITITIU21080');
INSERT INTO person_room_attend (room_id, person_id) VALUES ('102', 'ITITIU21081');
INSERT INTO person_room_attend (room_id, person_id) VALUES ('101', 'ITITIU21081');
INSERT INTO person_room_attend (room_id, person_id) VALUES ('107', 'ITITIU21082');
INSERT INTO person_room_attend (room_id, person_id) VALUES ('100', 'ITITIU21082');
INSERT INTO person_room_attend (room_id, person_id) VALUES ('108', 'ITITIU21083');
INSERT INTO person_room_attend (room_id, person_id) VALUES ('102', 'ITITIU21083');
INSERT INTO person_room_attend (room_id, person_id) VALUES ('105', 'ITITIU21084');
INSERT INTO person_room_attend (room_id, person_id) VALUES ('102', 'ITITIU21084');
INSERT INTO person_room_attend (room_id, person_id) VALUES ('104', 'ITITIU21085');
INSERT INTO person_room_attend (room_id, person_id) VALUES ('109', 'ITITIU21085');
INSERT INTO person_room_attend (room_id, person_id) VALUES ('100', 'ITITIU21086');
INSERT INTO person_room_attend (room_id, person_id) VALUES ('101', 'ITITIU21086');
INSERT INTO person_room_attend (room_id, person_id) VALUES ('105', 'ITITIU21087');
INSERT INTO person_room_attend (room_id, person_id) VALUES ('109', 'ITITIU21087');
INSERT INTO person_room_attend (room_id, person_id) VALUES ('107', 'ITITIU21088');
INSERT INTO person_room_attend (room_id, person_id) VALUES ('101', 'ITITIU21088');
INSERT INTO person_room_attend (room_id, person_id) VALUES ('108', 'ITITIU21089');
INSERT INTO person_room_attend (room_id, person_id) VALUES ('106', 'ITITIU21089');
INSERT INTO person_room_attend (room_id, person_id) VALUES ('103', 'ITITIU21090');
INSERT INTO person_room_attend (room_id, person_id) VALUES ('109', 'ITITIU21090');
INSERT INTO person_room_attend (room_id, person_id) VALUES ('108', 'ITITIU21091');
INSERT INTO person_room_attend (room_id, person_id) VALUES ('106', 'ITITIU21091');
INSERT INTO person_room_attend (room_id, person_id) VALUES ('104', 'ITITIU21092');
INSERT INTO person_room_attend (room_id, person_id) VALUES ('103', 'ITITIU21092');
INSERT INTO person_room_attend (room_id, person_id) VALUES ('109', 'ITITIU21093');
INSERT INTO person_room_attend (room_id, person_id) VALUES ('107', 'ITITIU21093');
INSERT INTO person_room_attend (room_id, person_id) VALUES ('105', 'ITITIU21094');
INSERT INTO person_room_attend (room_id, person_id) VALUES ('103', 'ITITIU21094');
INSERT INTO person_room_attend (room_id, person_id) VALUES ('102', 'ITITIU21095');
INSERT INTO person_room_attend (room_id, person_id) VALUES ('101', 'ITITIU21095');
INSERT INTO person_room_attend (room_id, person_id) VALUES ('100', 'ITITIU21096');
INSERT INTO person_room_attend (room_id, person_id) VALUES ('102', 'ITITIU21096');
INSERT INTO person_room_attend (room_id, person_id) VALUES ('104', 'ITITIU21097');
INSERT INTO person_room_attend (room_id, person_id) VALUES ('106', 'ITITIU21097');
INSERT INTO person_room_attend (room_id, person_id) VALUES ('101', 'ITITIU21098');
INSERT INTO person_room_attend (room_id, person_id) VALUES ('107', 'ITITIU21098');
INSERT INTO person_room_attend (room_id, person_id) VALUES ('107', 'ITITIU21099');
INSERT INTO person_room_attend (room_id, person_id) VALUES ('106', 'ITITIU21099');
INSERT INTO person_room_attend (room_id, person_id) VALUES ('101', 'ITITIU21100');
INSERT INTO person_room_attend (room_id, person_id) VALUES ('107', 'ITITIU21100');
INSERT INTO person_room_attend (room_id, person_id) VALUES ('109', 'ITITIU21101');
INSERT INTO person_room_attend (room_id, person_id) VALUES ('100', 'ITITIU21101');
INSERT INTO person_room_attend (room_id, person_id) VALUES ('104', 'ITITIU21102');
INSERT INTO person_room_attend (room_id, person_id) VALUES ('101', 'ITITIU21102');
INSERT INTO person_room_attend (room_id, person_id) VALUES ('102', 'ITITIU21103');
INSERT INTO person_room_attend (room_id, person_id) VALUES ('103', 'ITITIU21103');
INSERT INTO person_room_attend (room_id, person_id) VALUES ('102', 'ITITIU21104');
INSERT INTO person_room_attend (room_id, person_id) VALUES ('106', 'ITITIU21104');
INSERT INTO person_room_attend (room_id, person_id) VALUES ('102', 'ITITIU21105');
INSERT INTO person_room_attend (room_id, person_id) VALUES ('107', 'ITITIU21105');
INSERT INTO person_room_attend (room_id, person_id) VALUES ('104', 'ITITIU21106');
INSERT INTO person_room_attend (room_id, person_id) VALUES ('109', 'ITITIU21106');
INSERT INTO person_room_attend (room_id, person_id) VALUES ('109', 'ITITIU21107');
INSERT INTO person_room_attend (room_id, person_id) VALUES ('103', 'ITITIU21107');
INSERT INTO person_room_attend (room_id, person_id) VALUES ('105', 'ITITIU21108');
INSERT INTO person_room_attend (room_id, person_id) VALUES ('106', 'ITITIU21108');
INSERT INTO person_room_attend (room_id, person_id) VALUES ('107', 'ITITIU21109');
INSERT INTO person_room_attend (room_id, person_id) VALUES ('106', 'ITITIU21109');
INSERT INTO person_room_attend (room_id, person_id) VALUES ('101', 'ITITIU21110');
INSERT INTO person_room_attend (room_id, person_id) VALUES ('103', 'ITITIU21110');
INSERT INTO person_room_attend (room_id, person_id) VALUES ('109', 'ITITIU21111');
INSERT INTO person_room_attend (room_id, person_id) VALUES ('101', 'ITITIU21111');
INSERT INTO person_room_attend (room_id, person_id) VALUES ('106', 'ITITIU21112');
INSERT INTO person_room_attend (room_id, person_id) VALUES ('102', 'ITITIU21112');
INSERT INTO person_room_attend (room_id, person_id) VALUES ('109', 'ITITIU21113');
INSERT INTO person_room_attend (room_id, person_id) VALUES ('103', 'ITITIU21113');
INSERT INTO person_room_attend (room_id, person_id) VALUES ('101', 'ITITIU21114');
INSERT INTO person_room_attend (room_id, person_id) VALUES ('104', 'ITITIU21114');
INSERT INTO person_room_attend (room_id, person_id) VALUES ('109', 'ITITIU21115');
INSERT INTO person_room_attend (room_id, person_id) VALUES ('103', 'ITITIU21115');
INSERT INTO person_room_attend (room_id, person_id) VALUES ('102', 'ITITIU21116');
INSERT INTO person_room_attend (room_id, person_id) VALUES ('108', 'ITITIU21116');
INSERT INTO person_room_attend (room_id, person_id) VALUES ('101', 'ITITIU21117');
INSERT INTO person_room_attend (room_id, person_id) VALUES ('104', 'ITITIU21117');
INSERT INTO person_room_attend (room_id, person_id) VALUES ('106', 'ITITIU21118');
INSERT INTO person_room_attend (room_id, person_id) VALUES ('100', 'ITITIU21118');
INSERT INTO person_room_attend (room_id, person_id) VALUES ('108', 'ITITIU21119');
INSERT INTO person_room_attend (room_id, person_id) VALUES ('102', 'ITITIU21119');

-- Exams
INSERT INTO exams (exam_id, bag_code, status, course_course_id, exam_type_type_id, date, time, difficulty) VALUES (1, 'BC5899', 'Completed','IT-107', 1, '2025-04-07', '12:00:00.000000', 5);
INSERT INTO exams (exam_id, bag_code, status, course_course_id, exam_type_type_id, date, time, difficulty) VALUES (2, 'BC2090', 'Upcoming','IT-104', 3, '2024-09-03', '08:00:00.000000', 3);
INSERT INTO exams (exam_id, bag_code, status, course_course_id, exam_type_type_id, date, time, difficulty) VALUES (3, 'BC4031', 'Cancelled','IT-106', 1, '2024-05-16', '10:00:00.000000', 5);
INSERT INTO exams (exam_id, bag_code, status, course_course_id, exam_type_type_id, date, time, difficulty) VALUES (4, 'BC8605', 'Upcoming','IT-109', 1, '2024-12-05', '11:00:00.000000', 2);
INSERT INTO exams (exam_id, bag_code, status, course_course_id, exam_type_type_id, date, time, difficulty) VALUES (5, 'BC8978', 'Upcoming','IT-107', 1, '2024-11-03', '12:00:00.000000', 5);
INSERT INTO exams (exam_id, bag_code, status, course_course_id, exam_type_type_id, date, time, difficulty) VALUES (6, 'BC1019', 'Upcoming','IT-101', 2, '2024-09-22', '12:00:00.000000', 2);
INSERT INTO exams (exam_id, bag_code, status, course_course_id, exam_type_type_id, date, time, difficulty) VALUES (7, 'BC7818', 'Completed','IT-103', 2, '2024-07-05', '09:00:00.000000', 3);
INSERT INTO exams (exam_id, bag_code, status, course_course_id, exam_type_type_id, date, time, difficulty) VALUES (8, 'BC6134', 'Cancelled','IT-105', 2, '2024-01-07', '09:00:00.000000', 3);
INSERT INTO exams (exam_id, bag_code, status, course_course_id, exam_type_type_id, date, time, difficulty) VALUES (9, 'BC5229', 'Cancelled','IT-106', 3, '2024-04-28', '11:00:00.000000', 4);
INSERT INTO exams (exam_id, bag_code, status, course_course_id, exam_type_type_id, date, time, difficulty) VALUES (10, 'BC4787', 'Cancelled','IT-107', 1, '2024-02-15', '08:00:00.000000', 4);
INSERT INTO exams (exam_id, bag_code, status, course_course_id, exam_type_type_id, date, time, difficulty) VALUES (11, 'BC4823', 'Upcoming','IT-108', 1, '2025-02-25', '11:00:00.000000', 3);
INSERT INTO exams (exam_id, bag_code, status, course_course_id, exam_type_type_id, date, time, difficulty) VALUES (12, 'BC9675', 'Completed','IT-104', 3, '2025-05-02', '13:00:00.000000', 5);
INSERT INTO exams (exam_id, bag_code, status, course_course_id, exam_type_type_id, date, time, difficulty) VALUES (13, 'BC1698', 'Upcoming','IT-104', 1, '2024-07-22', '13:00:00.000000', 5);
INSERT INTO exams (exam_id, bag_code, status, course_course_id, exam_type_type_id, date, time, difficulty) VALUES (14, 'BC5424', 'Cancelled','IT-104', 2, '2025-04-13', '08:00:00.000000', 5);
INSERT INTO exams (exam_id, bag_code, status, course_course_id, exam_type_type_id, date, time, difficulty) VALUES (15, 'BC9161', 'Upcoming','IT-105', 2, '2024-12-14', '11:00:00.000000', 2);
INSERT INTO exams (exam_id, bag_code, status, course_course_id, exam_type_type_id, date, time, difficulty) VALUES (16, 'BC5521', 'Upcoming','IT-107', 2, '2024-04-10', '09:00:00.000000', 4);
INSERT INTO exams (exam_id, bag_code, status, course_course_id, exam_type_type_id, date, time, difficulty) VALUES (17, 'BC9113', 'Completed','IT-102', 1, '2024-12-15', '11:00:00.000000', 5);
INSERT INTO exams (exam_id, bag_code, status, course_course_id, exam_type_type_id, date, time, difficulty) VALUES (18, 'BC8748', 'Cancelled','IT-108', 3, '2024-02-07', '10:00:00.000000', 2);
INSERT INTO exams (exam_id, bag_code, status, course_course_id, exam_type_type_id, date, time, difficulty) VALUES (19, 'BC3265', 'Upcoming','IT-107', 2, '2024-03-30', '11:00:00.000000', 2);
INSERT INTO exams (exam_id, bag_code, status, course_course_id, exam_type_type_id, date, time, difficulty) VALUES (20, 'BC6417', 'Upcoming','IT-104', 3, '2024-12-18', '09:00:00.000000', 4);
INSERT INTO exams (exam_id, bag_code, status, course_course_id, exam_type_type_id, date, time, difficulty) VALUES (21, 'BC2474', 'Upcoming','IT-108', 2, '2024-05-08', '11:00:00.000000', 3);
INSERT INTO exams (exam_id, bag_code, status, course_course_id, exam_type_type_id, date, time, difficulty) VALUES (22, 'BC5179', 'Completed','IT-106', 3, '2024-08-22', '09:00:00.000000', 3);
INSERT INTO exams (exam_id, bag_code, status, course_course_id, exam_type_type_id, date, time, difficulty) VALUES (23, 'BC6087', 'Completed','IT-101', 1, '2025-04-14', '10:00:00.000000', 4);
INSERT INTO exams (exam_id, bag_code, status, course_course_id, exam_type_type_id, date, time, difficulty) VALUES (24, 'BC5799', 'Completed','IT-107', 1, '2024-06-19', '08:00:00.000000', 4);
INSERT INTO exams (exam_id, bag_code, status, course_course_id, exam_type_type_id, date, time, difficulty) VALUES (25, 'BC3782', 'Completed','IT-109', 1, '2025-02-01', '13:00:00.000000', 2);
INSERT INTO exams (exam_id, bag_code, status, course_course_id, exam_type_type_id, date, time, difficulty) VALUES (26, 'BC3079', 'Completed','IT-101', 2, '2024-01-04', '12:00:00.000000', 5);
INSERT INTO exams (exam_id, bag_code, status, course_course_id, exam_type_type_id, date, time, difficulty) VALUES (27, 'BC3528', 'Completed','IT-102', 1, '2024-02-01', '09:00:00.000000', 2);
INSERT INTO exams (exam_id, bag_code, status, course_course_id, exam_type_type_id, date, time, difficulty) VALUES (28, 'BC3338', 'Cancelled','IT-108', 2, '2024-01-14', '08:00:00.000000', 4);
INSERT INTO exams (exam_id, bag_code, status, course_course_id, exam_type_type_id, date, time, difficulty) VALUES (29, 'BC6513', 'Upcoming','IT-107', 1, '2024-08-30', '12:00:00.000000', 5);
INSERT INTO exams (exam_id, bag_code, status, course_course_id, exam_type_type_id, date, time, difficulty) VALUES (30, 'BC4928', 'Upcoming','IT-103', 2, '2024-06-21', '10:00:00.000000', 5);
INSERT INTO exams (exam_id, bag_code, status, course_course_id, exam_type_type_id, date, time, difficulty) VALUES (31, 'BC4093', 'Cancelled','IT-104', 3, '2024-10-03', '10:00:00.000000', 4);
INSERT INTO exams (exam_id, bag_code, status, course_course_id, exam_type_type_id, date, time, difficulty) VALUES (32, 'BC8817', 'Upcoming','IT-107', 1, '2024-07-03', '13:00:00.000000', 2);
INSERT INTO exams (exam_id, bag_code, status, course_course_id, exam_type_type_id, date, time, difficulty) VALUES (33, 'BC9618', 'Upcoming','IT-107', 3, '2024-12-25', '12:00:00.000000', 1);
INSERT INTO exams (exam_id, bag_code, status, course_course_id, exam_type_type_id, date, time, difficulty) VALUES (34, 'BC8856', 'Upcoming','IT-107', 2, '2025-01-03', '12:00:00.000000', 2);
INSERT INTO exams (exam_id, bag_code, status, course_course_id, exam_type_type_id, date, time, difficulty) VALUES (35, 'BC9110', 'Completed','IT-107', 2, '2025-05-02', '12:00:00.000000', 1);
INSERT INTO exams (exam_id, bag_code, status, course_course_id, exam_type_type_id, date, time, difficulty) VALUES (36, 'BC8264', 'Cancelled','IT-104', 1, '2024-04-06', '10:00:00.000000', 2);
INSERT INTO exams (exam_id, bag_code, status, course_course_id, exam_type_type_id, date, time, difficulty) VALUES (37, 'BC4378', 'Upcoming','IT-107', 2, '2024-11-29', '09:00:00.000000', 3);
INSERT INTO exams (exam_id, bag_code, status, course_course_id, exam_type_type_id, date, time, difficulty) VALUES (38, 'BC8878', 'Upcoming','IT-108', 1, '2024-06-14', '13:00:00.000000', 1);
INSERT INTO exams (exam_id, bag_code, status, course_course_id, exam_type_type_id, date, time, difficulty) VALUES (39, 'BC8767', 'Upcoming','IT-109', 3, '2024-02-22', '10:00:00.000000', 1);
INSERT INTO exams (exam_id, bag_code, status, course_course_id, exam_type_type_id, date, time, difficulty) VALUES (40, 'BC1112', 'Cancelled','IT-107', 2, '2024-07-26', '09:00:00.000000', 4);
INSERT INTO exams (exam_id, bag_code, status, course_course_id, exam_type_type_id, date, time, difficulty) VALUES (41, 'BC5714', 'Upcoming','IT-103', 3, '2024-08-07', '10:00:00.000000', 2);
INSERT INTO exams (exam_id, bag_code, status, course_course_id, exam_type_type_id, date, time, difficulty) VALUES (42, 'BC5425', 'Upcoming','IT-105', 2, '2024-08-23', '11:00:00.000000', 5);
INSERT INTO exams (exam_id, bag_code, status, course_course_id, exam_type_type_id, date, time, difficulty) VALUES (43, 'BC9876', 'Completed','IT-108', 2, '2025-03-01', '10:00:00.000000', 3);
INSERT INTO exams (exam_id, bag_code, status, course_course_id, exam_type_type_id, date, time, difficulty) VALUES (44, 'BC5193', 'Completed','IT-101', 1, '2024-12-21', '08:00:00.000000', 4);
INSERT INTO exams (exam_id, bag_code, status, course_course_id, exam_type_type_id, date, time, difficulty) VALUES (45, 'BC1872', 'Cancelled','IT-108', 1, '2024-04-04', '09:00:00.000000', 1);
INSERT INTO exams (exam_id, bag_code, status, course_course_id, exam_type_type_id, date, time, difficulty) VALUES (46, 'BC5936', 'Upcoming','IT-105', 1, '2025-03-25', '11:00:00.000000', 2);
INSERT INTO exams (exam_id, bag_code, status, course_course_id, exam_type_type_id, date, time, difficulty) VALUES (47, 'BC9604', 'Cancelled','IT-107', 3, '2025-01-10', '09:00:00.000000', 5);
INSERT INTO exams (exam_id, bag_code, status, course_course_id, exam_type_type_id, date, time, difficulty) VALUES (48, 'BC1836', 'Upcoming','IT-109', 2, '2025-01-05', '12:00:00.000000', 4);
INSERT INTO exams (exam_id, bag_code, status, course_course_id, exam_type_type_id, date, time, difficulty) VALUES (49, 'BC6089', 'Completed','IT-102', 2, '2024-01-04', '11:00:00.000000', 3);
INSERT INTO exams (exam_id, bag_code, status, course_course_id, exam_type_type_id, date, time, difficulty) VALUES (50, 'BC4074', 'Upcoming','IT-110', 3, '2024-12-15', '08:00:00.000000', 2);

-- Exam_Room
INSERT INTO exam_room (room_id, exam_id) VALUES ('108', 1);
INSERT INTO exam_room (room_id, exam_id) VALUES ('109', 2);
INSERT INTO exam_room (room_id, exam_id) VALUES ('106', 3);
INSERT INTO exam_room (room_id, exam_id) VALUES ('101', 4);
INSERT INTO exam_room (room_id, exam_id) VALUES ('101', 5);
INSERT INTO exam_room (room_id, exam_id) VALUES ('101', 6);
INSERT INTO exam_room (room_id, exam_id) VALUES ('105', 7);
INSERT INTO exam_room (room_id, exam_id) VALUES ('107', 8);
INSERT INTO exam_room (room_id, exam_id) VALUES ('109', 9);
INSERT INTO exam_room (room_id, exam_id) VALUES ('102', 10);
INSERT INTO exam_room (room_id, exam_id) VALUES ('106', 11);
INSERT INTO exam_room (room_id, exam_id) VALUES ('109', 12);
INSERT INTO exam_room (room_id, exam_id) VALUES ('109', 13);
INSERT INTO exam_room (room_id, exam_id) VALUES ('101', 14);
INSERT INTO exam_room (room_id, exam_id) VALUES ('104', 15);
INSERT INTO exam_room (room_id, exam_id) VALUES ('102', 16);
INSERT INTO exam_room (room_id, exam_id) VALUES ('105', 17);
INSERT INTO exam_room (room_id, exam_id) VALUES ('103', 18);
INSERT INTO exam_room (room_id, exam_id) VALUES ('102', 19);
INSERT INTO exam_room (room_id, exam_id) VALUES ('109', 20);
INSERT INTO exam_room (room_id, exam_id) VALUES ('101', 21);
INSERT INTO exam_room (room_id, exam_id) VALUES ('104', 22);
INSERT INTO exam_room (room_id, exam_id) VALUES ('101', 23);
INSERT INTO exam_room (room_id, exam_id) VALUES ('101', 24);
INSERT INTO exam_room (room_id, exam_id) VALUES ('107', 25);
INSERT INTO exam_room (room_id, exam_id) VALUES ('103', 26);
INSERT INTO exam_room (room_id, exam_id) VALUES ('105', 27);
INSERT INTO exam_room (room_id, exam_id) VALUES ('108', 28);
INSERT INTO exam_room (room_id, exam_id) VALUES ('105', 29);
INSERT INTO exam_room (room_id, exam_id) VALUES ('103', 30);
INSERT INTO exam_room (room_id, exam_id) VALUES ('100', 31);
INSERT INTO exam_room (room_id, exam_id) VALUES ('100', 32);
INSERT INTO exam_room (room_id, exam_id) VALUES ('108', 33);
INSERT INTO exam_room (room_id, exam_id) VALUES ('105', 34);
INSERT INTO exam_room (room_id, exam_id) VALUES ('107', 35);
INSERT INTO exam_room (room_id, exam_id) VALUES ('100', 36);
INSERT INTO exam_room (room_id, exam_id) VALUES ('108', 37);
INSERT INTO exam_room (room_id, exam_id) VALUES ('105', 38);
INSERT INTO exam_room (room_id, exam_id) VALUES ('103', 39);
INSERT INTO exam_room (room_id, exam_id) VALUES ('104', 40);
INSERT INTO exam_room (room_id, exam_id) VALUES ('103', 41);
INSERT INTO exam_room (room_id, exam_id) VALUES ('107', 42);
INSERT INTO exam_room (room_id, exam_id) VALUES ('100', 43);
INSERT INTO exam_room (room_id, exam_id) VALUES ('100', 44);
INSERT INTO exam_room (room_id, exam_id) VALUES ('107', 45);
INSERT INTO exam_room (room_id, exam_id) VALUES ('102', 46);
INSERT INTO exam_room (room_id, exam_id) VALUES ('105', 47);
INSERT INTO exam_room (room_id, exam_id) VALUES ('108', 48);
INSERT INTO exam_room (room_id, exam_id) VALUES ('102', 49);
INSERT INTO exam_room (room_id, exam_id) VALUES ('100', 50);

-- Person_Exam
INSERT INTO person_exam (person_id, exam_id) VALUES ('ITITIU21000', 5);
INSERT INTO person_exam (person_id, exam_id) VALUES ('ITITIU21000', 37);
INSERT INTO person_exam (person_id, exam_id) VALUES ('ITITIU21000', 48);
INSERT INTO person_exam (person_id, exam_id) VALUES ('ITITIU21001', 10);
INSERT INTO person_exam (person_id, exam_id) VALUES ('ITITIU21001', 45);
INSERT INTO person_exam (person_id, exam_id) VALUES ('ITITIU21001', 42);
INSERT INTO person_exam (person_id, exam_id) VALUES ('ITITIU21002', 37);
INSERT INTO person_exam (person_id, exam_id) VALUES ('ITITIU21002', 29);
INSERT INTO person_exam (person_id, exam_id) VALUES ('ITITIU21002', 48);
INSERT INTO person_exam (person_id, exam_id) VALUES ('ITITIU21003', 43);
INSERT INTO person_exam (person_id, exam_id) VALUES ('ITITIU21003', 31);
INSERT INTO person_exam (person_id, exam_id) VALUES ('ITITIU21003', 3);
INSERT INTO person_exam (person_id, exam_id) VALUES ('ITITIU21004', 4);
INSERT INTO person_exam (person_id, exam_id) VALUES ('ITITIU21004', 18);
INSERT INTO person_exam (person_id, exam_id) VALUES ('ITITIU21004', 12);
INSERT INTO person_exam (person_id, exam_id) VALUES ('ITITIU21005', 21);
INSERT INTO person_exam (person_id, exam_id) VALUES ('ITITIU21005', 25);
INSERT INTO person_exam (person_id, exam_id) VALUES ('ITITIU21005', 16);
INSERT INTO person_exam (person_id, exam_id) VALUES ('ITITIU21006', 20);
INSERT INTO person_exam (person_id, exam_id) VALUES ('ITITIU21006', 32);
INSERT INTO person_exam (person_id, exam_id) VALUES ('ITITIU21006', 16);
INSERT INTO person_exam (person_id, exam_id) VALUES ('ITITIU21007', 9);
INSERT INTO person_exam (person_id, exam_id) VALUES ('ITITIU21007', 35);
INSERT INTO person_exam (person_id, exam_id) VALUES ('ITITIU21007', 14);
INSERT INTO person_exam (person_id, exam_id) VALUES ('ITITIU21008', 45);
INSERT INTO person_exam (person_id, exam_id) VALUES ('ITITIU21008', 13);
INSERT INTO person_exam (person_id, exam_id) VALUES ('ITITIU21008', 9);
INSERT INTO person_exam (person_id, exam_id) VALUES ('ITITIU21009', 8);
INSERT INTO person_exam (person_id, exam_id) VALUES ('ITITIU21009', 49);
INSERT INTO person_exam (person_id, exam_id) VALUES ('ITITIU21009', 18);
INSERT INTO person_exam (person_id, exam_id) VALUES ('ITITIU21010', 13);
INSERT INTO person_exam (person_id, exam_id) VALUES ('ITITIU21010', 44);
INSERT INTO person_exam (person_id, exam_id) VALUES ('ITITIU21010', 21);
INSERT INTO person_exam (person_id, exam_id) VALUES ('ITITIU21011', 7);
INSERT INTO person_exam (person_id, exam_id) VALUES ('ITITIU21011', 37);
INSERT INTO person_exam (person_id, exam_id) VALUES ('ITITIU21011', 38);
INSERT INTO person_exam (person_id, exam_id) VALUES ('ITITIU21012', 40);
INSERT INTO person_exam (person_id, exam_id) VALUES ('ITITIU21012', 5);
INSERT INTO person_exam (person_id, exam_id) VALUES ('ITITIU21012', 38);
INSERT INTO person_exam (person_id, exam_id) VALUES ('ITITIU21013', 13);
INSERT INTO person_exam (person_id, exam_id) VALUES ('ITITIU21013', 22);
INSERT INTO person_exam (person_id, exam_id) VALUES ('ITITIU21013', 27);
INSERT INTO person_exam (person_id, exam_id) VALUES ('ITITIU21014', 45);
INSERT INTO person_exam (person_id, exam_id) VALUES ('ITITIU21014', 33);
INSERT INTO person_exam (person_id, exam_id) VALUES ('ITITIU21014', 26);
INSERT INTO person_exam (person_id, exam_id) VALUES ('ITITIU21015', 19);
INSERT INTO person_exam (person_id, exam_id) VALUES ('ITITIU21015', 8);
INSERT INTO person_exam (person_id, exam_id) VALUES ('ITITIU21015', 11);
INSERT INTO person_exam (person_id, exam_id) VALUES ('ITITIU21016', 26);
INSERT INTO person_exam (person_id, exam_id) VALUES ('ITITIU21016', 5);
INSERT INTO person_exam (person_id, exam_id) VALUES ('ITITIU21016', 47);
INSERT INTO person_exam (person_id, exam_id) VALUES ('ITITIU21017', 18);
INSERT INTO person_exam (person_id, exam_id) VALUES ('ITITIU21017', 2);
INSERT INTO person_exam (person_id, exam_id) VALUES ('ITITIU21017', 1);
INSERT INTO person_exam (person_id, exam_id) VALUES ('ITITIU21018', 43);
INSERT INTO person_exam (person_id, exam_id) VALUES ('ITITIU21018', 19);
INSERT INTO person_exam (person_id, exam_id) VALUES ('ITITIU21018', 26);
INSERT INTO person_exam (person_id, exam_id) VALUES ('ITITIU21019', 24);
INSERT INTO person_exam (person_id, exam_id) VALUES ('ITITIU21019', 5);
INSERT INTO person_exam (person_id, exam_id) VALUES ('ITITIU21019', 9);
INSERT INTO person_exam (person_id, exam_id) VALUES ('ITITIU21020', 7);
INSERT INTO person_exam (person_id, exam_id) VALUES ('ITITIU21020', 3);
INSERT INTO person_exam (person_id, exam_id) VALUES ('ITITIU21020', 39);
INSERT INTO person_exam (person_id, exam_id) VALUES ('ITITIU21021', 25);
INSERT INTO person_exam (person_id, exam_id) VALUES ('ITITIU21021', 17);
INSERT INTO person_exam (person_id, exam_id) VALUES ('ITITIU21021', 3);
INSERT INTO person_exam (person_id, exam_id) VALUES ('ITITIU21022', 6);
INSERT INTO person_exam (person_id, exam_id) VALUES ('ITITIU21022', 38);
INSERT INTO person_exam (person_id, exam_id) VALUES ('ITITIU21022', 46);
INSERT INTO person_exam (person_id, exam_id) VALUES ('ITITIU21023', 39);
INSERT INTO person_exam (person_id, exam_id) VALUES ('ITITIU21023', 11);
INSERT INTO person_exam (person_id, exam_id) VALUES ('ITITIU21023', 22);
INSERT INTO person_exam (person_id, exam_id) VALUES ('ITITIU21024', 5);
INSERT INTO person_exam (person_id, exam_id) VALUES ('ITITIU21024', 47);
INSERT INTO person_exam (person_id, exam_id) VALUES ('ITITIU21024', 26);
INSERT INTO person_exam (person_id, exam_id) VALUES ('ITITIU21025', 27);
INSERT INTO person_exam (person_id, exam_id) VALUES ('ITITIU21025', 18);
INSERT INTO person_exam (person_id, exam_id) VALUES ('ITITIU21025', 29);
INSERT INTO person_exam (person_id, exam_id) VALUES ('ITITIU21026', 47);
INSERT INTO person_exam (person_id, exam_id) VALUES ('ITITIU21026', 10);
INSERT INTO person_exam (person_id, exam_id) VALUES ('ITITIU21026', 13);
INSERT INTO person_exam (person_id, exam_id) VALUES ('ITITIU21027', 3);
INSERT INTO person_exam (person_id, exam_id) VALUES ('ITITIU21027', 18);
INSERT INTO person_exam (person_id, exam_id) VALUES ('ITITIU21027', 37);
INSERT INTO person_exam (person_id, exam_id) VALUES ('ITITIU21028', 18);
INSERT INTO person_exam (person_id, exam_id) VALUES ('ITITIU21028', 17);
INSERT INTO person_exam (person_id, exam_id) VALUES ('ITITIU21028', 30);
INSERT INTO person_exam (person_id, exam_id) VALUES ('ITITIU21029', 35);
INSERT INTO person_exam (person_id, exam_id) VALUES ('ITITIU21029', 5);
INSERT INTO person_exam (person_id, exam_id) VALUES ('ITITIU21029', 23);
INSERT INTO person_exam (person_id, exam_id) VALUES ('ITITIU21030', 45);
INSERT INTO person_exam (person_id, exam_id) VALUES ('ITITIU21030', 4);
INSERT INTO person_exam (person_id, exam_id) VALUES ('ITITIU21030', 7);
INSERT INTO person_exam (person_id, exam_id) VALUES ('ITITIU21031', 30);
INSERT INTO person_exam (person_id, exam_id) VALUES ('ITITIU21031', 32);
INSERT INTO person_exam (person_id, exam_id) VALUES ('ITITIU21031', 20);
INSERT INTO person_exam (person_id, exam_id) VALUES ('ITITIU21032', 13);
INSERT INTO person_exam (person_id, exam_id) VALUES ('ITITIU21032', 42);
INSERT INTO person_exam (person_id, exam_id) VALUES ('ITITIU21032', 26);
INSERT INTO person_exam (person_id, exam_id) VALUES ('ITITIU21033', 48);
INSERT INTO person_exam (person_id, exam_id) VALUES ('ITITIU21033', 12);
INSERT INTO person_exam (person_id, exam_id) VALUES ('ITITIU21033', 3);
INSERT INTO person_exam (person_id, exam_id) VALUES ('ITITIU21034', 31);
INSERT INTO person_exam (person_id, exam_id) VALUES ('ITITIU21034', 5);
INSERT INTO person_exam (person_id, exam_id) VALUES ('ITITIU21034', 9);
INSERT INTO person_exam (person_id, exam_id) VALUES ('ITITIU21035', 34);
INSERT INTO person_exam (person_id, exam_id) VALUES ('ITITIU21035', 50);
INSERT INTO person_exam (person_id, exam_id) VALUES ('ITITIU21035', 16);
INSERT INTO person_exam (person_id, exam_id) VALUES ('ITITIU21036', 12);
INSERT INTO person_exam (person_id, exam_id) VALUES ('ITITIU21036', 49);
INSERT INTO person_exam (person_id, exam_id) VALUES ('ITITIU21036', 28);
INSERT INTO person_exam (person_id, exam_id) VALUES ('ITITIU21037', 40);
INSERT INTO person_exam (person_id, exam_id) VALUES ('ITITIU21037', 15);
INSERT INTO person_exam (person_id, exam_id) VALUES ('ITITIU21037', 35);
INSERT INTO person_exam (person_id, exam_id) VALUES ('ITITIU21038', 35);
INSERT INTO person_exam (person_id, exam_id) VALUES ('ITITIU21038', 14);
INSERT INTO person_exam (person_id, exam_id) VALUES ('ITITIU21038', 4);
INSERT INTO person_exam (person_id, exam_id) VALUES ('ITITIU21039', 12);
INSERT INTO person_exam (person_id, exam_id) VALUES ('ITITIU21039', 45);
INSERT INTO person_exam (person_id, exam_id) VALUES ('ITITIU21039', 8);
INSERT INTO person_exam (person_id, exam_id) VALUES ('ITITIU21040', 21);
INSERT INTO person_exam (person_id, exam_id) VALUES ('ITITIU21040', 43);
INSERT INTO person_exam (person_id, exam_id) VALUES ('ITITIU21040', 24);
INSERT INTO person_exam (person_id, exam_id) VALUES ('ITITIU21041', 33);
INSERT INTO person_exam (person_id, exam_id) VALUES ('ITITIU21041', 34);
INSERT INTO person_exam (person_id, exam_id) VALUES ('ITITIU21041', 23);
INSERT INTO person_exam (person_id, exam_id) VALUES ('ITITIU21042', 12);
INSERT INTO person_exam (person_id, exam_id) VALUES ('ITITIU21042', 34);
INSERT INTO person_exam (person_id, exam_id) VALUES ('ITITIU21042', 18);
INSERT INTO person_exam (person_id, exam_id) VALUES ('ITITIU21043', 23);
INSERT INTO person_exam (person_id, exam_id) VALUES ('ITITIU21043', 2);
INSERT INTO person_exam (person_id, exam_id) VALUES ('ITITIU21043', 22);
INSERT INTO person_exam (person_id, exam_id) VALUES ('ITITIU21044', 1);
INSERT INTO person_exam (person_id, exam_id) VALUES ('ITITIU21044', 8);
INSERT INTO person_exam (person_id, exam_id) VALUES ('ITITIU21044', 20);
INSERT INTO person_exam (person_id, exam_id) VALUES ('ITITIU21045', 47);
INSERT INTO person_exam (person_id, exam_id) VALUES ('ITITIU21045', 3);
INSERT INTO person_exam (person_id, exam_id) VALUES ('ITITIU21045', 18);
INSERT INTO person_exam (person_id, exam_id) VALUES ('ITITIU21046', 32);
INSERT INTO person_exam (person_id, exam_id) VALUES ('ITITIU21046', 24);
INSERT INTO person_exam (person_id, exam_id) VALUES ('ITITIU21046', 19);
INSERT INTO person_exam (person_id, exam_id) VALUES ('ITITIU21047', 20);
INSERT INTO person_exam (person_id, exam_id) VALUES ('ITITIU21047', 12);
INSERT INTO person_exam (person_id, exam_id) VALUES ('ITITIU21047', 27);
INSERT INTO person_exam (person_id, exam_id) VALUES ('ITITIU21048', 11);
INSERT INTO person_exam (person_id, exam_id) VALUES ('ITITIU21048', 2);
INSERT INTO person_exam (person_id, exam_id) VALUES ('ITITIU21048', 21);
INSERT INTO person_exam (person_id, exam_id) VALUES ('ITITIU21049', 33);
INSERT INTO person_exam (person_id, exam_id) VALUES ('ITITIU21049', 49);
INSERT INTO person_exam (person_id, exam_id) VALUES ('ITITIU21049', 7);
INSERT INTO person_exam (person_id, exam_id) VALUES ('ITITIU21050', 14);
INSERT INTO person_exam (person_id, exam_id) VALUES ('ITITIU21050', 26);
INSERT INTO person_exam (person_id, exam_id) VALUES ('ITITIU21050', 45);
INSERT INTO person_exam (person_id, exam_id) VALUES ('ITITIU21051', 6);
INSERT INTO person_exam (person_id, exam_id) VALUES ('ITITIU21051', 47);
INSERT INTO person_exam (person_id, exam_id) VALUES ('ITITIU21051', 14);
INSERT INTO person_exam (person_id, exam_id) VALUES ('ITITIU21052', 31);
INSERT INTO person_exam (person_id, exam_id) VALUES ('ITITIU21052', 17);
INSERT INTO person_exam (person_id, exam_id) VALUES ('ITITIU21052', 34);
INSERT INTO person_exam (person_id, exam_id) VALUES ('ITITIU21053', 23);
INSERT INTO person_exam (person_id, exam_id) VALUES ('ITITIU21053', 21);
INSERT INTO person_exam (person_id, exam_id) VALUES ('ITITIU21053', 24);
INSERT INTO person_exam (person_id, exam_id) VALUES ('ITITIU21054', 22);
INSERT INTO person_exam (person_id, exam_id) VALUES ('ITITIU21054', 16);
INSERT INTO person_exam (person_id, exam_id) VALUES ('ITITIU21054', 37);
INSERT INTO person_exam (person_id, exam_id) VALUES ('ITITIU21055', 11);
INSERT INTO person_exam (person_id, exam_id) VALUES ('ITITIU21055', 2);
INSERT INTO person_exam (person_id, exam_id) VALUES ('ITITIU21055', 46);
INSERT INTO person_exam (person_id, exam_id) VALUES ('ITITIU21056', 40);
INSERT INTO person_exam (person_id, exam_id) VALUES ('ITITIU21056', 18);
INSERT INTO person_exam (person_id, exam_id) VALUES ('ITITIU21056', 15);
INSERT INTO person_exam (person_id, exam_id) VALUES ('ITITIU21057', 18);
INSERT INTO person_exam (person_id, exam_id) VALUES ('ITITIU21057', 4);
INSERT INTO person_exam (person_id, exam_id) VALUES ('ITITIU21057', 9);
INSERT INTO person_exam (person_id, exam_id) VALUES ('ITITIU21058', 45);
INSERT INTO person_exam (person_id, exam_id) VALUES ('ITITIU21058', 31);
INSERT INTO person_exam (person_id, exam_id) VALUES ('ITITIU21058', 33);
INSERT INTO person_exam (person_id, exam_id) VALUES ('ITITIU21059', 1);
INSERT INTO person_exam (person_id, exam_id) VALUES ('ITITIU21059', 47);
INSERT INTO person_exam (person_id, exam_id) VALUES ('ITITIU21059', 40);
INSERT INTO person_exam (person_id, exam_id) VALUES ('ITITIU21060', 26);
INSERT INTO person_exam (person_id, exam_id) VALUES ('ITITIU21060', 19);
INSERT INTO person_exam (person_id, exam_id) VALUES ('ITITIU21060', 36);
INSERT INTO person_exam (person_id, exam_id) VALUES ('ITITIU21061', 8);
INSERT INTO person_exam (person_id, exam_id) VALUES ('ITITIU21061', 36);
INSERT INTO person_exam (person_id, exam_id) VALUES ('ITITIU21061', 31);
INSERT INTO person_exam (person_id, exam_id) VALUES ('ITITIU21062', 29);
INSERT INTO person_exam (person_id, exam_id) VALUES ('ITITIU21062', 27);
INSERT INTO person_exam (person_id, exam_id) VALUES ('ITITIU21062', 33);
INSERT INTO person_exam (person_id, exam_id) VALUES ('ITITIU21063', 14);
INSERT INTO person_exam (person_id, exam_id) VALUES ('ITITIU21063', 15);
INSERT INTO person_exam (person_id, exam_id) VALUES ('ITITIU21063', 42);
INSERT INTO person_exam (person_id, exam_id) VALUES ('ITITIU21064', 7);
INSERT INTO person_exam (person_id, exam_id) VALUES ('ITITIU21064', 15);
INSERT INTO person_exam (person_id, exam_id) VALUES ('ITITIU21064', 9);
INSERT INTO person_exam (person_id, exam_id) VALUES ('ITITIU21065', 29);
INSERT INTO person_exam (person_id, exam_id) VALUES ('ITITIU21065', 50);
INSERT INTO person_exam (person_id, exam_id) VALUES ('ITITIU21065', 48);
INSERT INTO person_exam (person_id, exam_id) VALUES ('ITITIU21066', 39);
INSERT INTO person_exam (person_id, exam_id) VALUES ('ITITIU21066', 14);
INSERT INTO person_exam (person_id, exam_id) VALUES ('ITITIU21066', 31);
INSERT INTO person_exam (person_id, exam_id) VALUES ('ITITIU21067', 12);
INSERT INTO person_exam (person_id, exam_id) VALUES ('ITITIU21067', 30);
INSERT INTO person_exam (person_id, exam_id) VALUES ('ITITIU21067', 50);
INSERT INTO person_exam (person_id, exam_id) VALUES ('ITITIU21068', 33);
INSERT INTO person_exam (person_id, exam_id) VALUES ('ITITIU21068', 24);
INSERT INTO person_exam (person_id, exam_id) VALUES ('ITITIU21068', 37);
INSERT INTO person_exam (person_id, exam_id) VALUES ('ITITIU21069', 18);
INSERT INTO person_exam (person_id, exam_id) VALUES ('ITITIU21069', 37);
INSERT INTO person_exam (person_id, exam_id) VALUES ('ITITIU21069', 25);
INSERT INTO person_exam (person_id, exam_id) VALUES ('ITITIU21070', 4);
INSERT INTO person_exam (person_id, exam_id) VALUES ('ITITIU21070', 12);
INSERT INTO person_exam (person_id, exam_id) VALUES ('ITITIU21070', 42);
INSERT INTO person_exam (person_id, exam_id) VALUES ('ITITIU21071', 24);
INSERT INTO person_exam (person_id, exam_id) VALUES ('ITITIU21071', 33);
INSERT INTO person_exam (person_id, exam_id) VALUES ('ITITIU21071', 8);
INSERT INTO person_exam (person_id, exam_id) VALUES ('ITITIU21072', 13);
INSERT INTO person_exam (person_id, exam_id) VALUES ('ITITIU21072', 7);
INSERT INTO person_exam (person_id, exam_id) VALUES ('ITITIU21072', 29);
INSERT INTO person_exam (person_id, exam_id) VALUES ('ITITIU21073', 17);
INSERT INTO person_exam (person_id, exam_id) VALUES ('ITITIU21073', 42);
INSERT INTO person_exam (person_id, exam_id) VALUES ('ITITIU21073', 46);
INSERT INTO person_exam (person_id, exam_id) VALUES ('ITITIU21074', 42);
INSERT INTO person_exam (person_id, exam_id) VALUES ('ITITIU21074', 50);
INSERT INTO person_exam (person_id, exam_id) VALUES ('ITITIU21074', 7);
INSERT INTO person_exam (person_id, exam_id) VALUES ('ITITIU21075', 19);
INSERT INTO person_exam (person_id, exam_id) VALUES ('ITITIU21075', 45);
INSERT INTO person_exam (person_id, exam_id) VALUES ('ITITIU21075', 27);
INSERT INTO person_exam (person_id, exam_id) VALUES ('ITITIU21076', 12);
INSERT INTO person_exam (person_id, exam_id) VALUES ('ITITIU21076', 2);
INSERT INTO person_exam (person_id, exam_id) VALUES ('ITITIU21076', 45);
INSERT INTO person_exam (person_id, exam_id) VALUES ('ITITIU21077', 28);
INSERT INTO person_exam (person_id, exam_id) VALUES ('ITITIU21077', 38);
INSERT INTO person_exam (person_id, exam_id) VALUES ('ITITIU21077', 15);
INSERT INTO person_exam (person_id, exam_id) VALUES ('ITITIU21078', 28);
INSERT INTO person_exam (person_id, exam_id) VALUES ('ITITIU21078', 40);
INSERT INTO person_exam (person_id, exam_id) VALUES ('ITITIU21078', 4);
INSERT INTO person_exam (person_id, exam_id) VALUES ('ITITIU21079', 23);
INSERT INTO person_exam (person_id, exam_id) VALUES ('ITITIU21079', 29);
INSERT INTO person_exam (person_id, exam_id) VALUES ('ITITIU21079', 45);
INSERT INTO person_exam (person_id, exam_id) VALUES ('ITITIU21080', 20);
INSERT INTO person_exam (person_id, exam_id) VALUES ('ITITIU21080', 43);
INSERT INTO person_exam (person_id, exam_id) VALUES ('ITITIU21080', 23);
INSERT INTO person_exam (person_id, exam_id) VALUES ('ITITIU21081', 45);
INSERT INTO person_exam (person_id, exam_id) VALUES ('ITITIU21081', 47);
INSERT INTO person_exam (person_id, exam_id) VALUES ('ITITIU21081', 41);
INSERT INTO person_exam (person_id, exam_id) VALUES ('ITITIU21082', 2);
INSERT INTO person_exam (person_id, exam_id) VALUES ('ITITIU21082', 46);
INSERT INTO person_exam (person_id, exam_id) VALUES ('ITITIU21082', 13);
INSERT INTO person_exam (person_id, exam_id) VALUES ('ITITIU21083', 16);
INSERT INTO person_exam (person_id, exam_id) VALUES ('ITITIU21083', 37);
INSERT INTO person_exam (person_id, exam_id) VALUES ('ITITIU21083', 7);
INSERT INTO person_exam (person_id, exam_id) VALUES ('ITITIU21084', 32);
INSERT INTO person_exam (person_id, exam_id) VALUES ('ITITIU21084', 13);
INSERT INTO person_exam (person_id, exam_id) VALUES ('ITITIU21084', 19);
INSERT INTO person_exam (person_id, exam_id) VALUES ('ITITIU21085', 24);
INSERT INTO person_exam (person_id, exam_id) VALUES ('ITITIU21085', 46);
INSERT INTO person_exam (person_id, exam_id) VALUES ('ITITIU21085', 36);
INSERT INTO person_exam (person_id, exam_id) VALUES ('ITITIU21086', 43);
INSERT INTO person_exam (person_id, exam_id) VALUES ('ITITIU21086', 37);
INSERT INTO person_exam (person_id, exam_id) VALUES ('ITITIU21086', 22);
INSERT INTO person_exam (person_id, exam_id) VALUES ('ITITIU21087', 48);
INSERT INTO person_exam (person_id, exam_id) VALUES ('ITITIU21087', 44);
INSERT INTO person_exam (person_id, exam_id) VALUES ('ITITIU21087', 5);
INSERT INTO person_exam (person_id, exam_id) VALUES ('ITITIU21088', 50);
INSERT INTO person_exam (person_id, exam_id) VALUES ('ITITIU21088', 46);
INSERT INTO person_exam (person_id, exam_id) VALUES ('ITITIU21088', 37);
INSERT INTO person_exam (person_id, exam_id) VALUES ('ITITIU21089', 10);
INSERT INTO person_exam (person_id, exam_id) VALUES ('ITITIU21089', 45);
INSERT INTO person_exam (person_id, exam_id) VALUES ('ITITIU21089', 5);
INSERT INTO person_exam (person_id, exam_id) VALUES ('ITITIU21090', 46);
INSERT INTO person_exam (person_id, exam_id) VALUES ('ITITIU21090', 12);
INSERT INTO person_exam (person_id, exam_id) VALUES ('ITITIU21090', 1);
INSERT INTO person_exam (person_id, exam_id) VALUES ('ITITIU21091', 18);
INSERT INTO person_exam (person_id, exam_id) VALUES ('ITITIU21091', 45);
INSERT INTO person_exam (person_id, exam_id) VALUES ('ITITIU21091', 27);
INSERT INTO person_exam (person_id, exam_id) VALUES ('ITITIU21092', 44);
INSERT INTO person_exam (person_id, exam_id) VALUES ('ITITIU21092', 20);
INSERT INTO person_exam (person_id, exam_id) VALUES ('ITITIU21092', 37);
INSERT INTO person_exam (person_id, exam_id) VALUES ('ITITIU21093', 16);
INSERT INTO person_exam (person_id, exam_id) VALUES ('ITITIU21093', 27);
INSERT INTO person_exam (person_id, exam_id) VALUES ('ITITIU21093', 45);
INSERT INTO person_exam (person_id, exam_id) VALUES ('ITITIU21094', 35);
INSERT INTO person_exam (person_id, exam_id) VALUES ('ITITIU21094', 42);
INSERT INTO person_exam (person_id, exam_id) VALUES ('ITITIU21094', 41);
INSERT INTO person_exam (person_id, exam_id) VALUES ('ITITIU21095', 22);
INSERT INTO person_exam (person_id, exam_id) VALUES ('ITITIU21095', 25);
INSERT INTO person_exam (person_id, exam_id) VALUES ('ITITIU21095', 28);
INSERT INTO person_exam (person_id, exam_id) VALUES ('ITITIU21096', 14);
INSERT INTO person_exam (person_id, exam_id) VALUES ('ITITIU21096', 26);
INSERT INTO person_exam (person_id, exam_id) VALUES ('ITITIU21096', 39);
INSERT INTO person_exam (person_id, exam_id) VALUES ('ITITIU21097', 38);
INSERT INTO person_exam (person_id, exam_id) VALUES ('ITITIU21097', 49);
INSERT INTO person_exam (person_id, exam_id) VALUES ('ITITIU21097', 25);
INSERT INTO person_exam (person_id, exam_id) VALUES ('ITITIU21098', 32);
INSERT INTO person_exam (person_id, exam_id) VALUES ('ITITIU21098', 13);
INSERT INTO person_exam (person_id, exam_id) VALUES ('ITITIU21098', 21);
INSERT INTO person_exam (person_id, exam_id) VALUES ('ITITIU21099', 49);
INSERT INTO person_exam (person_id, exam_id) VALUES ('ITITIU21099', 5);
INSERT INTO person_exam (person_id, exam_id) VALUES ('ITITIU21099', 21);
INSERT INTO person_exam (person_id, exam_id) VALUES ('ITITIU21100', 49);
INSERT INTO person_exam (person_id, exam_id) VALUES ('ITITIU21100', 39);
INSERT INTO person_exam (person_id, exam_id) VALUES ('ITITIU21100', 7);
INSERT INTO person_exam (person_id, exam_id) VALUES ('ITITIU21101', 14);
INSERT INTO person_exam (person_id, exam_id) VALUES ('ITITIU21101', 43);
INSERT INTO person_exam (person_id, exam_id) VALUES ('ITITIU21101', 3);
INSERT INTO person_exam (person_id, exam_id) VALUES ('ITITIU21102', 25);
INSERT INTO person_exam (person_id, exam_id) VALUES ('ITITIU21102', 33);
INSERT INTO person_exam (person_id, exam_id) VALUES ('ITITIU21102', 16);
INSERT INTO person_exam (person_id, exam_id) VALUES ('ITITIU21103', 27);
INSERT INTO person_exam (person_id, exam_id) VALUES ('ITITIU21103', 31);
INSERT INTO person_exam (person_id, exam_id) VALUES ('ITITIU21103', 45);
INSERT INTO person_exam (person_id, exam_id) VALUES ('ITITIU21104', 28);
INSERT INTO person_exam (person_id, exam_id) VALUES ('ITITIU21104', 31);
INSERT INTO person_exam (person_id, exam_id) VALUES ('ITITIU21104', 37);
INSERT INTO person_exam (person_id, exam_id) VALUES ('ITITIU21105', 18);
INSERT INTO person_exam (person_id, exam_id) VALUES ('ITITIU21105', 28);
INSERT INTO person_exam (person_id, exam_id) VALUES ('ITITIU21105', 19);
INSERT INTO person_exam (person_id, exam_id) VALUES ('ITITIU21106', 33);
INSERT INTO person_exam (person_id, exam_id) VALUES ('ITITIU21106', 34);
INSERT INTO person_exam (person_id, exam_id) VALUES ('ITITIU21106', 4);
INSERT INTO person_exam (person_id, exam_id) VALUES ('ITITIU21107', 46);
INSERT INTO person_exam (person_id, exam_id) VALUES ('ITITIU21107', 8);
INSERT INTO person_exam (person_id, exam_id) VALUES ('ITITIU21107', 36);
INSERT INTO person_exam (person_id, exam_id) VALUES ('ITITIU21108', 48);
INSERT INTO person_exam (person_id, exam_id) VALUES ('ITITIU21108', 5);
INSERT INTO person_exam (person_id, exam_id) VALUES ('ITITIU21108', 9);
INSERT INTO person_exam (person_id, exam_id) VALUES ('ITITIU21109', 50);
INSERT INTO person_exam (person_id, exam_id) VALUES ('ITITIU21109', 32);
INSERT INTO person_exam (person_id, exam_id) VALUES ('ITITIU21109', 27);
INSERT INTO person_exam (person_id, exam_id) VALUES ('ITITIU21110', 11);
INSERT INTO person_exam (person_id, exam_id) VALUES ('ITITIU21110', 24);
INSERT INTO person_exam (person_id, exam_id) VALUES ('ITITIU21110', 37);
INSERT INTO person_exam (person_id, exam_id) VALUES ('ITITIU21111', 4);
INSERT INTO person_exam (person_id, exam_id) VALUES ('ITITIU21111', 48);
INSERT INTO person_exam (person_id, exam_id) VALUES ('ITITIU21111', 12);
INSERT INTO person_exam (person_id, exam_id) VALUES ('ITITIU21112', 30);
INSERT INTO person_exam (person_id, exam_id) VALUES ('ITITIU21112', 15);
INSERT INTO person_exam (person_id, exam_id) VALUES ('ITITIU21112', 29);
INSERT INTO person_exam (person_id, exam_id) VALUES ('ITITIU21113', 31);
INSERT INTO person_exam (person_id, exam_id) VALUES ('ITITIU21113', 18);
INSERT INTO person_exam (person_id, exam_id) VALUES ('ITITIU21113', 26);
INSERT INTO person_exam (person_id, exam_id) VALUES ('ITITIU21114', 8);
INSERT INTO person_exam (person_id, exam_id) VALUES ('ITITIU21114', 25);
INSERT INTO person_exam (person_id, exam_id) VALUES ('ITITIU21114', 37);
INSERT INTO person_exam (person_id, exam_id) VALUES ('ITITIU21115', 30);
INSERT INTO person_exam (person_id, exam_id) VALUES ('ITITIU21115', 39);
INSERT INTO person_exam (person_id, exam_id) VALUES ('ITITIU21115', 20);
INSERT INTO person_exam (person_id, exam_id) VALUES ('ITITIU21116', 7);
INSERT INTO person_exam (person_id, exam_id) VALUES ('ITITIU21116', 9);
INSERT INTO person_exam (person_id, exam_id) VALUES ('ITITIU21116', 40);
INSERT INTO person_exam (person_id, exam_id) VALUES ('ITITIU21117', 4);
INSERT INTO person_exam (person_id, exam_id) VALUES ('ITITIU21117', 26);
INSERT INTO person_exam (person_id, exam_id) VALUES ('ITITIU21117', 38);
INSERT INTO person_exam (person_id, exam_id) VALUES ('ITITIU21118', 31);
INSERT INTO person_exam (person_id, exam_id) VALUES ('ITITIU21118', 19);
INSERT INTO person_exam (person_id, exam_id) VALUES ('ITITIU21118', 6);
INSERT INTO person_exam (person_id, exam_id) VALUES ('ITITIU21119', 30);
INSERT INTO person_exam (person_id, exam_id) VALUES ('ITITIU21119', 10);
INSERT INTO person_exam (person_id, exam_id) VALUES ('ITITIU21119', 17);

-- Person_Exam_Report
INSERT INTO person_exam_report (grade, issue_date, course_id, person_id) VALUES (88, '2025-04-23 00:00:00.000000', 'IT-107', 'ITITIU21000');
INSERT INTO person_exam_report (grade, issue_date, course_id, person_id) VALUES (58, '2024-07-18 00:00:00.000000', 'IT-108', 'ITITIU21000');
INSERT INTO person_exam_report (grade, issue_date, course_id, person_id) VALUES (98, '2024-12-30 00:00:00.000000', 'IT-106', 'ITITIU21001');
INSERT INTO person_exam_report (grade, issue_date, course_id, person_id) VALUES (86, '2024-06-16 00:00:00.000000', 'IT-105', 'ITITIU21001');
INSERT INTO person_exam_report (grade, issue_date, course_id, person_id) VALUES (87, '2024-05-08 00:00:00.000000', 'IT-110', 'ITITIU21002');
INSERT INTO person_exam_report (grade, issue_date, course_id, person_id) VALUES (97, '2024-10-03 00:00:00.000000', 'IT-106', 'ITITIU21002');
INSERT INTO person_exam_report (grade, issue_date, course_id, person_id) VALUES (100, '2025-03-17 00:00:00.000000', 'IT-103', 'ITITIU21003');
INSERT INTO person_exam_report (grade, issue_date, course_id, person_id) VALUES (74, '2024-04-14 00:00:00.000000', 'IT-102', 'ITITIU21003');
INSERT INTO person_exam_report (grade, issue_date, course_id, person_id) VALUES (94, '2025-01-02 00:00:00.000000', 'IT-103', 'ITITIU21004');
INSERT INTO person_exam_report (grade, issue_date, course_id, person_id) VALUES (69, '2024-02-29 00:00:00.000000', 'IT-101', 'ITITIU21004');
INSERT INTO person_exam_report (grade, issue_date, course_id, person_id) VALUES (82, '2024-05-31 00:00:00.000000', 'IT-109', 'ITITIU21005');
INSERT INTO person_exam_report (grade, issue_date, course_id, person_id) VALUES (76, '2025-04-09 00:00:00.000000', 'IT-107', 'ITITIU21005');
INSERT INTO person_exam_report (grade, issue_date, course_id, person_id) VALUES (51, '2025-01-07 00:00:00.000000', 'IT-109', 'ITITIU21006');
INSERT INTO person_exam_report (grade, issue_date, course_id, person_id) VALUES (80, '2024-01-16 00:00:00.000000', 'IT-103', 'ITITIU21006');
INSERT INTO person_exam_report (grade, issue_date, course_id, person_id) VALUES (50, '2024-07-23 00:00:00.000000', 'IT-109', 'ITITIU21007');
INSERT INTO person_exam_report (grade, issue_date, course_id, person_id) VALUES (50, '2025-02-26 00:00:00.000000', 'IT-106', 'ITITIU21007');
INSERT INTO person_exam_report (grade, issue_date, course_id, person_id) VALUES (78, '2024-03-23 00:00:00.000000', 'IT-104', 'ITITIU21008');
INSERT INTO person_exam_report (grade, issue_date, course_id, person_id) VALUES (86, '2025-01-24 00:00:00.000000', 'IT-101', 'ITITIU21008');
INSERT INTO person_exam_report (grade, issue_date, course_id, person_id) VALUES (80, '2024-07-26 00:00:00.000000', 'IT-107', 'ITITIU21009');
INSERT INTO person_exam_report (grade, issue_date, course_id, person_id) VALUES (83, '2024-08-07 00:00:00.000000', 'IT-106', 'ITITIU21009');
INSERT INTO person_exam_report (grade, issue_date, course_id, person_id) VALUES (61, '2025-05-06 00:00:00.000000', 'IT-104', 'ITITIU21010');
INSERT INTO person_exam_report (grade, issue_date, course_id, person_id) VALUES (80, '2025-01-01 00:00:00.000000', 'IT-101', 'ITITIU21010');
INSERT INTO person_exam_report (grade, issue_date, course_id, person_id) VALUES (88, '2025-04-17 00:00:00.000000', 'IT-110', 'ITITIU21011');
INSERT INTO person_exam_report (grade, issue_date, course_id, person_id) VALUES (59, '2025-01-19 00:00:00.000000', 'IT-105', 'ITITIU21011');
INSERT INTO person_exam_report (grade, issue_date, course_id, person_id) VALUES (83, '2024-11-07 00:00:00.000000', 'IT-110', 'ITITIU21012');
INSERT INTO person_exam_report (grade, issue_date, course_id, person_id) VALUES (90, '2024-11-16 00:00:00.000000', 'IT-104', 'ITITIU21012');
INSERT INTO person_exam_report (grade, issue_date, course_id, person_id) VALUES (74, '2024-06-03 00:00:00.000000', 'IT-109', 'ITITIU21013');
INSERT INTO person_exam_report (grade, issue_date, course_id, person_id) VALUES (65, '2024-05-10 00:00:00.000000', 'IT-106', 'ITITIU21013');
INSERT INTO person_exam_report (grade, issue_date, course_id, person_id) VALUES (73, '2024-01-29 00:00:00.000000', 'IT-107', 'ITITIU21014');
INSERT INTO person_exam_report (grade, issue_date, course_id, person_id) VALUES (82, '2025-02-22 00:00:00.000000', 'IT-104', 'ITITIU21014');
INSERT INTO person_exam_report (grade, issue_date, course_id, person_id) VALUES (85, '2024-11-05 00:00:00.000000', 'IT-102', 'ITITIU21015');
INSERT INTO person_exam_report (grade, issue_date, course_id, person_id) VALUES (56, '2025-04-14 00:00:00.000000', 'IT-103', 'ITITIU21015');
INSERT INTO person_exam_report (grade, issue_date, course_id, person_id) VALUES (81, '2024-04-22 00:00:00.000000', 'IT-103', 'ITITIU21016');
INSERT INTO person_exam_report (grade, issue_date, course_id, person_id) VALUES (51, '2025-05-16 00:00:00.000000', 'IT-110', 'ITITIU21016');
INSERT INTO person_exam_report (grade, issue_date, course_id, person_id) VALUES (52, '2024-05-26 00:00:00.000000', 'IT-105', 'ITITIU21017');
INSERT INTO person_exam_report (grade, issue_date, course_id, person_id) VALUES (67, '2024-02-16 00:00:00.000000', 'IT-101', 'ITITIU21017');
INSERT INTO person_exam_report (grade, issue_date, course_id, person_id) VALUES (72, '2024-05-26 00:00:00.000000', 'IT-104', 'ITITIU21018');
INSERT INTO person_exam_report (grade, issue_date, course_id, person_id) VALUES (95, '2024-02-14 00:00:00.000000', 'IT-102', 'ITITIU21018');
INSERT INTO person_exam_report (grade, issue_date, course_id, person_id) VALUES (59, '2024-03-29 00:00:00.000000', 'IT-107', 'ITITIU21019');
INSERT INTO person_exam_report (grade, issue_date, course_id, person_id) VALUES (51, '2024-05-17 00:00:00.000000', 'IT-104', 'ITITIU21019');
INSERT INTO person_exam_report (grade, issue_date, course_id, person_id) VALUES (62, '2024-10-30 00:00:00.000000', 'IT-110', 'ITITIU21020');
INSERT INTO person_exam_report (grade, issue_date, course_id, person_id) VALUES (52, '2024-08-25 00:00:00.000000', 'IT-109', 'ITITIU21020');
INSERT INTO person_exam_report (grade, issue_date, course_id, person_id) VALUES (68, '2024-11-04 00:00:00.000000', 'IT-105', 'ITITIU21021');
INSERT INTO person_exam_report (grade, issue_date, course_id, person_id) VALUES (65, '2024-06-14 00:00:00.000000', 'IT-109', 'ITITIU21021');
INSERT INTO person_exam_report (grade, issue_date, course_id, person_id) VALUES (93, '2025-04-28 00:00:00.000000', 'IT-110', 'ITITIU21022');
INSERT INTO person_exam_report (grade, issue_date, course_id, person_id) VALUES (97, '2024-06-08 00:00:00.000000', 'IT-101', 'ITITIU21022');
INSERT INTO person_exam_report (grade, issue_date, course_id, person_id) VALUES (69, '2024-11-27 00:00:00.000000', 'IT-104', 'ITITIU21023');
INSERT INTO person_exam_report (grade, issue_date, course_id, person_id) VALUES (73, '2025-02-15 00:00:00.000000', 'IT-109', 'ITITIU21023');
INSERT INTO person_exam_report (grade, issue_date, course_id, person_id) VALUES (90, '2024-10-07 00:00:00.000000', 'IT-110', 'ITITIU21024');
INSERT INTO person_exam_report (grade, issue_date, course_id, person_id) VALUES (99, '2024-08-05 00:00:00.000000', 'IT-107', 'ITITIU21024');
INSERT INTO person_exam_report (grade, issue_date, course_id, person_id) VALUES (76, '2024-09-20 00:00:00.000000', 'IT-110', 'ITITIU21025');
INSERT INTO person_exam_report (grade, issue_date, course_id, person_id) VALUES (66, '2024-12-14 00:00:00.000000', 'IT-103', 'ITITIU21025');
INSERT INTO person_exam_report (grade, issue_date, course_id, person_id) VALUES (63, '2024-04-03 00:00:00.000000', 'IT-106', 'ITITIU21026');
INSERT INTO person_exam_report (grade, issue_date, course_id, person_id) VALUES (97, '2024-03-16 00:00:00.000000', 'IT-108', 'ITITIU21026');
INSERT INTO person_exam_report (grade, issue_date, course_id, person_id) VALUES (54, '2024-04-18 00:00:00.000000', 'IT-110', 'ITITIU21027');
INSERT INTO person_exam_report (grade, issue_date, course_id, person_id) VALUES (59, '2024-12-29 00:00:00.000000', 'IT-103', 'ITITIU21027');
INSERT INTO person_exam_report (grade, issue_date, course_id, person_id) VALUES (54, '2024-02-20 00:00:00.000000', 'IT-107', 'ITITIU21028');
INSERT INTO person_exam_report (grade, issue_date, course_id, person_id) VALUES (79, '2025-05-17 00:00:00.000000', 'IT-102', 'ITITIU21028');
INSERT INTO person_exam_report (grade, issue_date, course_id, person_id) VALUES (61, '2025-03-03 00:00:00.000000', 'IT-103', 'ITITIU21029');
INSERT INTO person_exam_report (grade, issue_date, course_id, person_id) VALUES (99, '2024-04-25 00:00:00.000000', 'IT-106', 'ITITIU21029');
INSERT INTO person_exam_report (grade, issue_date, course_id, person_id) VALUES (59, '2024-11-04 00:00:00.000000', 'IT-105', 'ITITIU21030');
INSERT INTO person_exam_report (grade, issue_date, course_id, person_id) VALUES (60, '2024-07-25 00:00:00.000000', 'IT-108', 'ITITIU21030');
INSERT INTO person_exam_report (grade, issue_date, course_id, person_id) VALUES (73, '2024-06-27 00:00:00.000000', 'IT-106', 'ITITIU21031');
INSERT INTO person_exam_report (grade, issue_date, course_id, person_id) VALUES (89, '2024-06-23 00:00:00.000000', 'IT-105', 'ITITIU21031');
INSERT INTO person_exam_report (grade, issue_date, course_id, person_id) VALUES (77, '2025-05-13 00:00:00.000000', 'IT-103', 'ITITIU21032');
INSERT INTO person_exam_report (grade, issue_date, course_id, person_id) VALUES (92, '2025-04-08 00:00:00.000000', 'IT-104', 'ITITIU21032');
INSERT INTO person_exam_report (grade, issue_date, course_id, person_id) VALUES (50, '2024-08-08 00:00:00.000000', 'IT-101', 'ITITIU21033');
INSERT INTO person_exam_report (grade, issue_date, course_id, person_id) VALUES (88, '2025-01-06 00:00:00.000000', 'IT-107', 'ITITIU21033');
INSERT INTO person_exam_report (grade, issue_date, course_id, person_id) VALUES (96, '2024-06-17 00:00:00.000000', 'IT-102', 'ITITIU21034');
INSERT INTO person_exam_report (grade, issue_date, course_id, person_id) VALUES (70, '2024-03-20 00:00:00.000000', 'IT-108', 'ITITIU21034');
INSERT INTO person_exam_report (grade, issue_date, course_id, person_id) VALUES (71, '2024-12-21 00:00:00.000000', 'IT-107', 'ITITIU21035');
INSERT INTO person_exam_report (grade, issue_date, course_id, person_id) VALUES (52, '2024-05-07 00:00:00.000000', 'IT-108', 'ITITIU21035');
INSERT INTO person_exam_report (grade, issue_date, course_id, person_id) VALUES (87, '2025-01-11 00:00:00.000000', 'IT-103', 'ITITIU21036');
INSERT INTO person_exam_report (grade, issue_date, course_id, person_id) VALUES (59, '2024-02-26 00:00:00.000000', 'IT-104', 'ITITIU21036');
INSERT INTO person_exam_report (grade, issue_date, course_id, person_id) VALUES (85, '2024-04-11 00:00:00.000000', 'IT-109', 'ITITIU21037');
INSERT INTO person_exam_report (grade, issue_date, course_id, person_id) VALUES (72, '2025-03-01 00:00:00.000000', 'IT-104', 'ITITIU21037');
INSERT INTO person_exam_report (grade, issue_date, course_id, person_id) VALUES (100, '2025-02-24 00:00:00.000000', 'IT-108', 'ITITIU21038');
INSERT INTO person_exam_report (grade, issue_date, course_id, person_id) VALUES (77, '2025-04-16 00:00:00.000000', 'IT-104', 'ITITIU21038');
INSERT INTO person_exam_report (grade, issue_date, course_id, person_id) VALUES (73, '2024-04-20 00:00:00.000000', 'IT-103', 'ITITIU21039');
INSERT INTO person_exam_report (grade, issue_date, course_id, person_id) VALUES (100, '2024-06-23 00:00:00.000000', 'IT-105', 'ITITIU21039');
INSERT INTO person_exam_report (grade, issue_date, course_id, person_id) VALUES (60, '2024-07-25 00:00:00.000000', 'IT-109', 'ITITIU21040');
INSERT INTO person_exam_report (grade, issue_date, course_id, person_id) VALUES (84, '2024-10-14 00:00:00.000000', 'IT-107', 'ITITIU21040');
INSERT INTO person_exam_report (grade, issue_date, course_id, person_id) VALUES (60, '2025-04-01 00:00:00.000000', 'IT-106', 'ITITIU21041');
INSERT INTO person_exam_report (grade, issue_date, course_id, person_id) VALUES (89, '2024-06-29 00:00:00.000000', 'IT-105', 'ITITIU21041');
INSERT INTO person_exam_report (grade, issue_date, course_id, person_id) VALUES (98, '2024-04-29 00:00:00.000000', 'IT-109', 'ITITIU21042');
INSERT INTO person_exam_report (grade, issue_date, course_id, person_id) VALUES (88, '2025-02-21 00:00:00.000000', 'IT-104', 'ITITIU21042');
INSERT INTO person_exam_report (grade, issue_date, course_id, person_id) VALUES (99, '2024-08-20 00:00:00.000000', 'IT-106', 'ITITIU21043');
INSERT INTO person_exam_report (grade, issue_date, course_id, person_id) VALUES (70, '2025-02-15 00:00:00.000000', 'IT-103', 'ITITIU21043');
INSERT INTO person_exam_report (grade, issue_date, course_id, person_id) VALUES (93, '2025-01-15 00:00:00.000000', 'IT-101', 'ITITIU21044');
INSERT INTO person_exam_report (grade, issue_date, course_id, person_id) VALUES (80, '2024-07-15 00:00:00.000000', 'IT-110', 'ITITIU21044');
INSERT INTO person_exam_report (grade, issue_date, course_id, person_id) VALUES (66, '2024-12-04 00:00:00.000000', 'IT-107', 'ITITIU21045');
INSERT INTO person_exam_report (grade, issue_date, course_id, person_id) VALUES (82, '2024-01-23 00:00:00.000000', 'IT-106', 'ITITIU21045');
INSERT INTO person_exam_report (grade, issue_date, course_id, person_id) VALUES (64, '2024-12-29 00:00:00.000000', 'IT-103', 'ITITIU21046');
INSERT INTO person_exam_report (grade, issue_date, course_id, person_id) VALUES (77, '2025-03-19 00:00:00.000000', 'IT-105', 'ITITIU21046');
INSERT INTO person_exam_report (grade, issue_date, course_id, person_id) VALUES (93, '2024-01-01 00:00:00.000000', 'IT-109', 'ITITIU21047');
INSERT INTO person_exam_report (grade, issue_date, course_id, person_id) VALUES (72, '2024-09-26 00:00:00.000000', 'IT-108', 'ITITIU21047');
INSERT INTO person_exam_report (grade, issue_date, course_id, person_id) VALUES (83, '2024-03-22 00:00:00.000000', 'IT-103', 'ITITIU21048');
INSERT INTO person_exam_report (grade, issue_date, course_id, person_id) VALUES (76, '2024-01-19 00:00:00.000000', 'IT-109', 'ITITIU21048');
INSERT INTO person_exam_report (grade, issue_date, course_id, person_id) VALUES (84, '2024-10-26 00:00:00.000000', 'IT-105', 'ITITIU21049');
INSERT INTO person_exam_report (grade, issue_date, course_id, person_id) VALUES (86, '2024-10-24 00:00:00.000000', 'IT-101', 'ITITIU21049');
INSERT INTO person_exam_report (grade, issue_date, course_id, person_id) VALUES (51, '2025-04-26 00:00:00.000000', 'IT-106', 'ITITIU21050');
INSERT INTO person_exam_report (grade, issue_date, course_id, person_id) VALUES (79, '2024-08-22 00:00:00.000000', 'IT-102', 'ITITIU21050');
INSERT INTO person_exam_report (grade, issue_date, course_id, person_id) VALUES (97, '2024-01-08 00:00:00.000000', 'IT-106', 'ITITIU21051');
INSERT INTO person_exam_report (grade, issue_date, course_id, person_id) VALUES (99, '2024-12-01 00:00:00.000000', 'IT-103', 'ITITIU21051');
INSERT INTO person_exam_report (grade, issue_date, course_id, person_id) VALUES (54, '2025-03-07 00:00:00.000000', 'IT-102', 'ITITIU21052');
INSERT INTO person_exam_report (grade, issue_date, course_id, person_id) VALUES (73, '2025-03-04 00:00:00.000000', 'IT-107', 'ITITIU21052');
INSERT INTO person_exam_report (grade, issue_date, course_id, person_id) VALUES (96, '2025-04-29 00:00:00.000000', 'IT-109', 'ITITIU21053');
INSERT INTO person_exam_report (grade, issue_date, course_id, person_id) VALUES (79, '2024-05-17 00:00:00.000000', 'IT-110', 'ITITIU21053');
INSERT INTO person_exam_report (grade, issue_date, course_id, person_id) VALUES (99, '2024-12-02 00:00:00.000000', 'IT-109', 'ITITIU21054');
INSERT INTO person_exam_report (grade, issue_date, course_id, person_id) VALUES (76, '2024-07-07 00:00:00.000000', 'IT-105', 'ITITIU21054');
INSERT INTO person_exam_report (grade, issue_date, course_id, person_id) VALUES (62, '2024-01-26 00:00:00.000000', 'IT-104', 'ITITIU21055');
INSERT INTO person_exam_report (grade, issue_date, course_id, person_id) VALUES (79, '2025-02-16 00:00:00.000000', 'IT-110', 'ITITIU21055');
INSERT INTO person_exam_report (grade, issue_date, course_id, person_id) VALUES (60, '2024-06-24 00:00:00.000000', 'IT-107', 'ITITIU21056');
INSERT INTO person_exam_report (grade, issue_date, course_id, person_id) VALUES (73, '2024-04-13 00:00:00.000000', 'IT-105', 'ITITIU21056');
INSERT INTO person_exam_report (grade, issue_date, course_id, person_id) VALUES (83, '2024-09-21 00:00:00.000000', 'IT-108', 'ITITIU21057');
INSERT INTO person_exam_report (grade, issue_date, course_id, person_id) VALUES (82, '2024-10-26 00:00:00.000000', 'IT-103', 'ITITIU21057');
INSERT INTO person_exam_report (grade, issue_date, course_id, person_id) VALUES (99, '2024-07-19 00:00:00.000000', 'IT-110', 'ITITIU21058');
INSERT INTO person_exam_report (grade, issue_date, course_id, person_id) VALUES (89, '2024-09-24 00:00:00.000000', 'IT-102', 'ITITIU21058');
INSERT INTO person_exam_report (grade, issue_date, course_id, person_id) VALUES (74, '2024-05-18 00:00:00.000000', 'IT-108', 'ITITIU21059');
INSERT INTO person_exam_report (grade, issue_date, course_id, person_id) VALUES (73, '2024-04-24 00:00:00.000000', 'IT-105', 'ITITIU21059');
INSERT INTO person_exam_report (grade, issue_date, course_id, person_id) VALUES (72, '2024-08-07 00:00:00.000000', 'IT-104', 'ITITIU21060');
INSERT INTO person_exam_report (grade, issue_date, course_id, person_id) VALUES (51, '2025-05-13 00:00:00.000000', 'IT-110', 'ITITIU21060');
INSERT INTO person_exam_report (grade, issue_date, course_id, person_id) VALUES (88, '2024-01-31 00:00:00.000000', 'IT-107', 'ITITIU21061');
INSERT INTO person_exam_report (grade, issue_date, course_id, person_id) VALUES (63, '2024-07-23 00:00:00.000000', 'IT-103', 'ITITIU21061');
INSERT INTO person_exam_report (grade, issue_date, course_id, person_id) VALUES (82, '2024-12-10 00:00:00.000000', 'IT-103', 'ITITIU21062');
INSERT INTO person_exam_report (grade, issue_date, course_id, person_id) VALUES (61, '2024-11-18 00:00:00.000000', 'IT-102', 'ITITIU21062');
INSERT INTO person_exam_report (grade, issue_date, course_id, person_id) VALUES (51, '2024-05-18 00:00:00.000000', 'IT-106', 'ITITIU21063');
INSERT INTO person_exam_report (grade, issue_date, course_id, person_id) VALUES (51, '2024-03-25 00:00:00.000000', 'IT-103', 'ITITIU21063');
INSERT INTO person_exam_report (grade, issue_date, course_id, person_id) VALUES (71, '2024-02-23 00:00:00.000000', 'IT-101', 'ITITIU21064');
INSERT INTO person_exam_report (grade, issue_date, course_id, person_id) VALUES (96, '2025-02-28 00:00:00.000000', 'IT-103', 'ITITIU21064');
INSERT INTO person_exam_report (grade, issue_date, course_id, person_id) VALUES (67, '2024-12-15 00:00:00.000000', 'IT-104', 'ITITIU21065');
INSERT INTO person_exam_report (grade, issue_date, course_id, person_id) VALUES (68, '2024-02-19 00:00:00.000000', 'IT-105', 'ITITIU21065');
INSERT INTO person_exam_report (grade, issue_date, course_id, person_id) VALUES (70, '2024-05-01 00:00:00.000000', 'IT-106', 'ITITIU21066');
INSERT INTO person_exam_report (grade, issue_date, course_id, person_id) VALUES (87, '2024-08-20 00:00:00.000000', 'IT-101', 'ITITIU21066');
INSERT INTO person_exam_report (grade, issue_date, course_id, person_id) VALUES (72, '2025-02-15 00:00:00.000000', 'IT-109', 'ITITIU21067');
INSERT INTO person_exam_report (grade, issue_date, course_id, person_id) VALUES (59, '2025-02-15 00:00:00.000000', 'IT-102', 'ITITIU21067');
INSERT INTO person_exam_report (grade, issue_date, course_id, person_id) VALUES (80, '2025-01-01 00:00:00.000000', 'IT-107', 'ITITIU21068');
INSERT INTO person_exam_report (grade, issue_date, course_id, person_id) VALUES (83, '2024-10-25 00:00:00.000000', 'IT-105', 'ITITIU21068');
INSERT INTO person_exam_report (grade, issue_date, course_id, person_id) VALUES (56, '2024-02-05 00:00:00.000000', 'IT-103', 'ITITIU21069');
INSERT INTO person_exam_report (grade, issue_date, course_id, person_id) VALUES (96, '2024-01-02 00:00:00.000000', 'IT-105', 'ITITIU21069');
INSERT INTO person_exam_report (grade, issue_date, course_id, person_id) VALUES (84, '2025-02-11 00:00:00.000000', 'IT-109', 'ITITIU21070');
INSERT INTO person_exam_report (grade, issue_date, course_id, person_id) VALUES (77, '2024-02-03 00:00:00.000000', 'IT-106', 'ITITIU21070');
INSERT INTO person_exam_report (grade, issue_date, course_id, person_id) VALUES (77, '2024-05-29 00:00:00.000000', 'IT-107', 'ITITIU21071');
INSERT INTO person_exam_report (grade, issue_date, course_id, person_id) VALUES (61, '2024-03-08 00:00:00.000000', 'IT-102', 'ITITIU21071');
INSERT INTO person_exam_report (grade, issue_date, course_id, person_id) VALUES (61, '2024-09-18 00:00:00.000000', 'IT-104', 'ITITIU21072');
INSERT INTO person_exam_report (grade, issue_date, course_id, person_id) VALUES (66, '2024-09-21 00:00:00.000000', 'IT-101', 'ITITIU21072');
INSERT INTO person_exam_report (grade, issue_date, course_id, person_id) VALUES (74, '2024-01-07 00:00:00.000000', 'IT-102', 'ITITIU21073');
INSERT INTO person_exam_report (grade, issue_date, course_id, person_id) VALUES (100, '2024-05-20 00:00:00.000000', 'IT-103', 'ITITIU21073');
INSERT INTO person_exam_report (grade, issue_date, course_id, person_id) VALUES (86, '2024-02-27 00:00:00.000000', 'IT-104', 'ITITIU21074');
INSERT INTO person_exam_report (grade, issue_date, course_id, person_id) VALUES (67, '2025-01-29 00:00:00.000000', 'IT-101', 'ITITIU21074');
INSERT INTO person_exam_report (grade, issue_date, course_id, person_id) VALUES (75, '2024-06-25 00:00:00.000000', 'IT-109', 'ITITIU21075');
INSERT INTO person_exam_report (grade, issue_date, course_id, person_id) VALUES (66, '2025-03-22 00:00:00.000000', 'IT-107', 'ITITIU21075');
INSERT INTO person_exam_report (grade, issue_date, course_id, person_id) VALUES (81, '2024-10-24 00:00:00.000000', 'IT-104', 'ITITIU21076');
INSERT INTO person_exam_report (grade, issue_date, course_id, person_id) VALUES (73, '2025-02-17 00:00:00.000000', 'IT-105', 'ITITIU21076');
INSERT INTO person_exam_report (grade, issue_date, course_id, person_id) VALUES (52, '2025-04-01 00:00:00.000000', 'IT-106', 'ITITIU21077');
INSERT INTO person_exam_report (grade, issue_date, course_id, person_id) VALUES (78, '2024-10-02 00:00:00.000000', 'IT-108', 'ITITIU21077');
INSERT INTO person_exam_report (grade, issue_date, course_id, person_id) VALUES (93, '2025-02-22 00:00:00.000000', 'IT-108', 'ITITIU21078');
INSERT INTO person_exam_report (grade, issue_date, course_id, person_id) VALUES (98, '2024-06-15 00:00:00.000000', 'IT-110', 'ITITIU21078');
INSERT INTO person_exam_report (grade, issue_date, course_id, person_id) VALUES (99, '2024-10-31 00:00:00.000000', 'IT-109', 'ITITIU21079');
INSERT INTO person_exam_report (grade, issue_date, course_id, person_id) VALUES (94, '2025-04-23 00:00:00.000000', 'IT-104', 'ITITIU21079');
INSERT INTO person_exam_report (grade, issue_date, course_id, person_id) VALUES (57, '2025-02-28 00:00:00.000000', 'IT-106', 'ITITIU21080');
INSERT INTO person_exam_report (grade, issue_date, course_id, person_id) VALUES (65, '2024-06-16 00:00:00.000000', 'IT-103', 'ITITIU21080');
INSERT INTO person_exam_report (grade, issue_date, course_id, person_id) VALUES (75, '2024-09-30 00:00:00.000000', 'IT-102', 'ITITIU21081');
INSERT INTO person_exam_report (grade, issue_date, course_id, person_id) VALUES (95, '2025-03-30 00:00:00.000000', 'IT-106', 'ITITIU21081');
INSERT INTO person_exam_report (grade, issue_date, course_id, person_id) VALUES (72, '2024-07-20 00:00:00.000000', 'IT-110', 'ITITIU21082');
INSERT INTO person_exam_report (grade, issue_date, course_id, person_id) VALUES (57, '2025-01-18 00:00:00.000000', 'IT-103', 'ITITIU21082');
INSERT INTO person_exam_report (grade, issue_date, course_id, person_id) VALUES (93, '2024-10-14 00:00:00.000000', 'IT-102', 'ITITIU21083');
INSERT INTO person_exam_report (grade, issue_date, course_id, person_id) VALUES (89, '2024-10-20 00:00:00.000000', 'IT-104', 'ITITIU21083');
INSERT INTO person_exam_report (grade, issue_date, course_id, person_id) VALUES (50, '2024-02-18 00:00:00.000000', 'IT-106', 'ITITIU21084');
INSERT INTO person_exam_report (grade, issue_date, course_id, person_id) VALUES (56, '2024-02-10 00:00:00.000000', 'IT-101', 'ITITIU21084');
INSERT INTO person_exam_report (grade, issue_date, course_id, person_id) VALUES (66, '2024-11-28 00:00:00.000000', 'IT-106', 'ITITIU21085');
INSERT INTO person_exam_report (grade, issue_date, course_id, person_id) VALUES (78, '2025-03-01 00:00:00.000000', 'IT-102', 'ITITIU21085');
INSERT INTO person_exam_report (grade, issue_date, course_id, person_id) VALUES (54, '2025-04-21 00:00:00.000000', 'IT-108', 'ITITIU21086');
INSERT INTO person_exam_report (grade, issue_date, course_id, person_id) VALUES (54, '2024-06-21 00:00:00.000000', 'IT-110', 'ITITIU21086');
INSERT INTO person_exam_report (grade, issue_date, course_id, person_id) VALUES (58, '2024-11-28 00:00:00.000000', 'IT-105', 'ITITIU21087');
INSERT INTO person_exam_report (grade, issue_date, course_id, person_id) VALUES (60, '2024-03-25 00:00:00.000000', 'IT-102', 'ITITIU21087');
INSERT INTO person_exam_report (grade, issue_date, course_id, person_id) VALUES (92, '2025-01-05 00:00:00.000000', 'IT-104', 'ITITIU21088');
INSERT INTO person_exam_report (grade, issue_date, course_id, person_id) VALUES (92, '2024-03-20 00:00:00.000000', 'IT-109', 'ITITIU21088');
INSERT INTO person_exam_report (grade, issue_date, course_id, person_id) VALUES (61, '2024-10-31 00:00:00.000000', 'IT-107', 'ITITIU21089');
INSERT INTO person_exam_report (grade, issue_date, course_id, person_id) VALUES (51, '2024-03-26 00:00:00.000000', 'IT-102', 'ITITIU21089');
INSERT INTO person_exam_report (grade, issue_date, course_id, person_id) VALUES (68, '2024-10-26 00:00:00.000000', 'IT-108', 'ITITIU21090');
INSERT INTO person_exam_report (grade, issue_date, course_id, person_id) VALUES (69, '2024-06-14 00:00:00.000000', 'IT-103', 'ITITIU21090');
INSERT INTO person_exam_report (grade, issue_date, course_id, person_id) VALUES (95, '2024-04-12 00:00:00.000000', 'IT-101', 'ITITIU21091');
INSERT INTO person_exam_report (grade, issue_date, course_id, person_id) VALUES (94, '2024-07-14 00:00:00.000000', 'IT-103', 'ITITIU21091');
INSERT INTO person_exam_report (grade, issue_date, course_id, person_id) VALUES (61, '2024-02-22 00:00:00.000000', 'IT-103', 'ITITIU21092');
INSERT INTO person_exam_report (grade, issue_date, course_id, person_id) VALUES (91, '2024-04-20 00:00:00.000000', 'IT-102', 'ITITIU21092');
INSERT INTO person_exam_report (grade, issue_date, course_id, person_id) VALUES (70, '2024-03-16 00:00:00.000000', 'IT-109', 'ITITIU21093');
INSERT INTO person_exam_report (grade, issue_date, course_id, person_id) VALUES (87, '2024-11-16 00:00:00.000000', 'IT-110', 'ITITIU21093');
INSERT INTO person_exam_report (grade, issue_date, course_id, person_id) VALUES (57, '2024-05-12 00:00:00.000000', 'IT-102', 'ITITIU21094');
INSERT INTO person_exam_report (grade, issue_date, course_id, person_id) VALUES (80, '2024-05-16 00:00:00.000000', 'IT-101', 'ITITIU21094');
INSERT INTO person_exam_report (grade, issue_date, course_id, person_id) VALUES (74, '2024-07-10 00:00:00.000000', 'IT-103', 'ITITIU21095');
INSERT INTO person_exam_report (grade, issue_date, course_id, person_id) VALUES (82, '2024-11-12 00:00:00.000000', 'IT-101', 'ITITIU21095');
INSERT INTO person_exam_report (grade, issue_date, course_id, person_id) VALUES (81, '2024-04-15 00:00:00.000000', 'IT-110', 'ITITIU21096');
INSERT INTO person_exam_report (grade, issue_date, course_id, person_id) VALUES (67, '2024-04-25 00:00:00.000000', 'IT-107', 'ITITIU21096');
INSERT INTO person_exam_report (grade, issue_date, course_id, person_id) VALUES (66, '2024-07-17 00:00:00.000000', 'IT-107', 'ITITIU21097');
INSERT INTO person_exam_report (grade, issue_date, course_id, person_id) VALUES (79, '2025-01-08 00:00:00.000000', 'IT-102', 'ITITIU21097');
INSERT INTO person_exam_report (grade, issue_date, course_id, person_id) VALUES (52, '2024-06-17 00:00:00.000000', 'IT-102', 'ITITIU21098');
INSERT INTO person_exam_report (grade, issue_date, course_id, person_id) VALUES (83, '2025-04-12 00:00:00.000000', 'IT-103', 'ITITIU21098');
INSERT INTO person_exam_report (grade, issue_date, course_id, person_id) VALUES (89, '2024-08-23 00:00:00.000000', 'IT-101', 'ITITIU21099');
INSERT INTO person_exam_report (grade, issue_date, course_id, person_id) VALUES (77, '2024-07-06 00:00:00.000000', 'IT-102', 'ITITIU21099');
INSERT INTO person_exam_report (grade, issue_date, course_id, person_id) VALUES (81, '2024-07-10 00:00:00.000000', 'IT-107', 'ITITIU21100');
INSERT INTO person_exam_report (grade, issue_date, course_id, person_id) VALUES (66, '2024-10-24 00:00:00.000000', 'IT-110', 'ITITIU21100');
INSERT INTO person_exam_report (grade, issue_date, course_id, person_id) VALUES (62, '2024-05-21 00:00:00.000000', 'IT-107', 'ITITIU21101');
INSERT INTO person_exam_report (grade, issue_date, course_id, person_id) VALUES (95, '2025-01-07 00:00:00.000000', 'IT-102', 'ITITIU21101');
INSERT INTO person_exam_report (grade, issue_date, course_id, person_id) VALUES (84, '2024-01-18 00:00:00.000000', 'IT-101', 'ITITIU21102');
INSERT INTO person_exam_report (grade, issue_date, course_id, person_id) VALUES (84, '2025-04-22 00:00:00.000000', 'IT-106', 'ITITIU21102');
INSERT INTO person_exam_report (grade, issue_date, course_id, person_id) VALUES (94, '2024-10-26 00:00:00.000000', 'IT-102', 'ITITIU21103');
INSERT INTO person_exam_report (grade, issue_date, course_id, person_id) VALUES (60, '2024-11-14 00:00:00.000000', 'IT-101', 'ITITIU21103');
INSERT INTO person_exam_report (grade, issue_date, course_id, person_id) VALUES (90, '2025-01-31 00:00:00.000000', 'IT-101', 'ITITIU21104');
INSERT INTO person_exam_report (grade, issue_date, course_id, person_id) VALUES (86, '2024-03-30 00:00:00.000000', 'IT-108', 'ITITIU21104');
INSERT INTO person_exam_report (grade, issue_date, course_id, person_id) VALUES (82, '2024-02-07 00:00:00.000000', 'IT-104', 'ITITIU21105');
INSERT INTO person_exam_report (grade, issue_date, course_id, person_id) VALUES (55, '2025-02-11 00:00:00.000000', 'IT-109', 'ITITIU21105');
INSERT INTO person_exam_report (grade, issue_date, course_id, person_id) VALUES (73, '2024-03-12 00:00:00.000000', 'IT-110', 'ITITIU21106');
INSERT INTO person_exam_report (grade, issue_date, course_id, person_id) VALUES (51, '2025-05-01 00:00:00.000000', 'IT-107', 'ITITIU21106');
INSERT INTO person_exam_report (grade, issue_date, course_id, person_id) VALUES (55, '2024-12-02 00:00:00.000000', 'IT-103', 'ITITIU21107');
INSERT INTO person_exam_report (grade, issue_date, course_id, person_id) VALUES (51, '2024-03-12 00:00:00.000000', 'IT-106', 'ITITIU21107');
INSERT INTO person_exam_report (grade, issue_date, course_id, person_id) VALUES (73, '2024-05-06 00:00:00.000000', 'IT-101', 'ITITIU21108');
INSERT INTO person_exam_report (grade, issue_date, course_id, person_id) VALUES (57, '2025-05-04 00:00:00.000000', 'IT-107', 'ITITIU21108');
INSERT INTO person_exam_report (grade, issue_date, course_id, person_id) VALUES (52, '2025-05-03 00:00:00.000000', 'IT-110', 'ITITIU21109');
INSERT INTO person_exam_report (grade, issue_date, course_id, person_id) VALUES (64, '2025-03-05 00:00:00.000000', 'IT-109', 'ITITIU21109');
INSERT INTO person_exam_report (grade, issue_date, course_id, person_id) VALUES (73, '2024-02-06 00:00:00.000000', 'IT-109', 'ITITIU21110');
INSERT INTO person_exam_report (grade, issue_date, course_id, person_id) VALUES (85, '2025-04-13 00:00:00.000000', 'IT-107', 'ITITIU21110');
INSERT INTO person_exam_report (grade, issue_date, course_id, person_id) VALUES (88, '2024-11-03 00:00:00.000000', 'IT-105', 'ITITIU21111');
INSERT INTO person_exam_report (grade, issue_date, course_id, person_id) VALUES (75, '2025-03-01 00:00:00.000000', 'IT-102', 'ITITIU21111');
INSERT INTO person_exam_report (grade, issue_date, course_id, person_id) VALUES (70, '2025-05-06 00:00:00.000000', 'IT-106', 'ITITIU21112');
INSERT INTO person_exam_report (grade, issue_date, course_id, person_id) VALUES (93, '2024-01-26 00:00:00.000000', 'IT-109', 'ITITIU21112');
INSERT INTO person_exam_report (grade, issue_date, course_id, person_id) VALUES (70, '2025-04-19 00:00:00.000000', 'IT-109', 'ITITIU21113');
INSERT INTO person_exam_report (grade, issue_date, course_id, person_id) VALUES (67, '2025-05-14 00:00:00.000000', 'IT-103', 'ITITIU21113');
INSERT INTO person_exam_report (grade, issue_date, course_id, person_id) VALUES (73, '2025-02-08 00:00:00.000000', 'IT-105', 'ITITIU21114');
INSERT INTO person_exam_report (grade, issue_date, course_id, person_id) VALUES (73, '2025-02-22 00:00:00.000000', 'IT-107', 'ITITIU21114');
INSERT INTO person_exam_report (grade, issue_date, course_id, person_id) VALUES (55, '2024-08-01 00:00:00.000000', 'IT-103', 'ITITIU21115');
INSERT INTO person_exam_report (grade, issue_date, course_id, person_id) VALUES (74, '2024-01-08 00:00:00.000000', 'IT-102', 'ITITIU21115');
INSERT INTO person_exam_report (grade, issue_date, course_id, person_id) VALUES (58, '2024-02-16 00:00:00.000000', 'IT-110', 'ITITIU21116');
INSERT INTO person_exam_report (grade, issue_date, course_id, person_id) VALUES (73, '2025-01-19 00:00:00.000000', 'IT-108', 'ITITIU21116');
INSERT INTO person_exam_report (grade, issue_date, course_id, person_id) VALUES (63, '2025-04-13 00:00:00.000000', 'IT-101', 'ITITIU21117');
INSERT INTO person_exam_report (grade, issue_date, course_id, person_id) VALUES (62, '2025-04-23 00:00:00.000000', 'IT-105', 'ITITIU21117');
INSERT INTO person_exam_report (grade, issue_date, course_id, person_id) VALUES (70, '2024-02-23 00:00:00.000000', 'IT-101', 'ITITIU21118');
INSERT INTO person_exam_report (grade, issue_date, course_id, person_id) VALUES (79, '2024-07-04 00:00:00.000000', 'IT-108', 'ITITIU21118');
INSERT INTO person_exam_report (grade, issue_date, course_id, person_id) VALUES (87, '2024-01-05 00:00:00.000000', 'IT-109', 'ITITIU21119');
INSERT INTO person_exam_report (grade, issue_date, course_id, person_id) VALUES (90, '2024-08-03 00:00:00.000000', 'IT-103', 'ITITIU21119');